date,primary_type,arrest,domestic,district,year,latitude,longitude
2020-01-13 06:15:00 UTC,ASSAULT,false,false,18,2020,41.894993403,-87.622148996
2024-07-19 09:00:00 UTC,THEFT,false,false,1,2024,41.884521087,-87.622099893
2024-08-01 21:50:00 UTC,ASSAULT,false,false,16,2024,41.997335423,-87.790321242
2022-11-10 17:00:00 UTC,CRIMINAL DAMAGE,false,false,1,2022,41.885182294,-87.642757034
2023-11-01 18:00:00 UTC,THEFT,false,false,8,2023,41.778092941,-87.722746539
2022-11-18 13:35:00 UTC,CRIMINAL TRESPASS,false,false,4,2022,41.730956462,-87.549887474
2024-01-04 12:45:00 UTC,MOTOR VEHICLE THEFT,false,false,7,2024,41.76625786,-87.663828061
2024-10-08 10:00:00 UTC,DECEPTIVE PRACTICE,false,false,25,2024,41.904885632,-87.768178905
2025-05-13 15:30:00 UTC,THEFT,false,false,10,2025,41.8634377,-87.723873589
2022-09-27 20:45:00 UTC,ROBBERY,false,false,22,2022,41.707976954,-87.659144771
2020-06-25 08:00:00 UTC,CRIMINAL TRESPASS,false,false,20,2020,41.986945147,-87.660619547
2022-11-18 14:47:00 UTC,THEFT,false,false,11,2022,41.871986073,-87.694588249
2021-01-17 09:15:00 UTC,BATTERY,false,true,20,2021,41.985616257,-87.695594347
2021-05-29 19:45:00 UTC,ASSAULT,false,true,15,2021,41.884756562,-87.757673427
2020-11-21 04:00:00 UTC,BATTERY,false,true,17,2020,41.961239841,-87.700117215
2024-11-15 11:48:00 UTC,BATTERY,false,true,8,2024,41.771733351,-87.698751179
2025-06-17 08:00:00 UTC,BATTERY,true,true,9,2025,41.809836197,-87.667438711
2023-06-12 10:10:00 UTC,BURGLARY,false,false,8,2023,41.767271702,-87.723692259
2023-07-29 11:30:00 UTC,ASSAULT,false,false,5,2023,41.656413759,-87.609535041
2023-06-22 19:30:00 UTC,THEFT,false,false,8,2023,41.785551706,-87.700891949
2020-01-13 19:00:00 UTC,BATTERY,false,true,5,2020,41.684107634,-87.651848845
2024-12-02 22:00:00 UTC,CRIMINAL DAMAGE,false,false,8,2024,41.755029186,-87.72573223
2020-10-11 19:00:00 UTC,OFFENSE INVOLVING CHILDREN,false,false,25,2020,41.906765676,-87.732550205
2023-12-07 00:07:00 UTC,ASSAULT,false,false,6,2023,41.750186137,-87.622972724
2021-01-25 12:30:00 UTC,CRIMINAL DAMAGE,false,false,10,2021,41.854739667,-87.707775978
2020-08-07 15:22:00 UTC,ASSAULT,false,false,6,2020,41.745072774,-87.617990568
2020-07-29 06:00:00 UTC,BURGLARY,false,true,8,2020,41.774681227,-87.682166139
2020-09-10 16:49:00 UTC,BATTERY,false,true,3,2020,41.768191186,-87.62336797
2023-02-09 15:00:00 UTC,DECEPTIVE PRACTICE,false,false,5,2023,41.673367331,-87.657602692
2025-02-16 12:29:00 UTC,THEFT,false,false,17,2025,41.939262335,-87.71335694
2021-03-13 23:30:00 UTC,BATTERY,false,false,16,2021,41.974598685,-87.755265371
2022-11-05 12:00:00 UTC,MOTOR VEHICLE THEFT,false,false,11,2022,41.892794899,-87.708914316
2024-02-07 19:07:00 UTC,BATTERY,false,true,24,2024,42.017941972,-87.682247898
2022-07-20 19:00:00 UTC,BATTERY,false,true,25,2022,41.915746919,-87.735056247
2023-04-12 00:15:00 UTC,THEFT,false,false,12,2023,41.864931246,-87.661514673
2024-08-12 21:00:00 UTC,ASSAULT,false,false,17,2024,41.956716433,-87.704437752
2025-07-30 13:00:00 UTC,CRIMINAL DAMAGE,false,false,19,2025,41.939559429,-87.679355664
2023-09-22 01:58:00 UTC,BURGLARY,false,false,19,2023,41.942638739,-87.640115756
2022-10-16 15:00:00 UTC,MOTOR VEHICLE THEFT,false,false,14,2022,41.906386907,-87.715471511
2022-03-24 09:00:00 UTC,OTHER OFFENSE,false,false,11,2022,41.885338686,-87.738887565
2023-05-31 07:55:00 UTC,CRIMINAL TRESPASS,false,false,12,2023,41.903304304,-87.670064675
2023-03-31 17:40:00 UTC,DECEPTIVE PRACTICE,false,false,18,2023,41.903890971,-87.632089801
2024-03-13 18:00:00 UTC,CRIMINAL DAMAGE,false,false,4,2024,41.665814864,-87.558853882
2020-07-18 14:08:00 UTC,ASSAULT,false,false,8,2020,41.76440921,-87.700813715
2020-03-25 03:30:00 UTC,OTHER OFFENSE,false,true,8,2020,41.801485056,-87.716029193
2025-11-21 19:06:00 UTC,THEFT,false,false,14,2025,41.905529073,-87.667554656
2024-12-29 07:14:00 UTC,MOTOR VEHICLE THEFT,false,false,4,2024,41.743970443,-87.585797123
2025-04-13 15:15:00 UTC,OTHER OFFENSE,true,false,6,2025,41.737202557,-87.614545881
2023-12-14 04:27:00 UTC,ROBBERY,false,false,12,2023,41.855254288,-87.652538394
2024-07-21 18:10:00 UTC,NARCOTICS,true,false,4,2024,41.758174759,-87.549934016
2021-03-25 20:01:00 UTC,MOTOR VEHICLE THEFT,false,false,14,2021,41.905805385,-87.662691661
2023-02-11 16:04:00 UTC,BATTERY,true,true,4,2023,41.74771987,-87.596956093
2024-09-07 21:01:00 UTC,THEFT,false,false,9,2024,41.808645557,-87.661846328
2025-04-27 14:00:00 UTC,DECEPTIVE PRACTICE,false,false,20,2025,41.97288286,-87.667978956
2022-07-06 19:00:00 UTC,MOTOR VEHICLE THEFT,false,false,22,2022,41.715792421,-87.633830622
2024-09-28 18:49:00 UTC,ASSAULT,false,true,22,2024,41.733506215,-87.638679745
2022-02-22 17:18:00 UTC,CRIMINAL DAMAGE,false,false,10,2022,41.854623966,-87.711231174
2025-09-14 13:00:00 UTC,OTHER OFFENSE,false,true,25,2025,41.937229861,-87.768882096
2024-04-12 11:30:00 UTC,DECEPTIVE PRACTICE,false,false,2,2024,41.821333315,-87.600071827
2024-07-25 22:30:00 UTC,CRIMINAL DAMAGE,false,true,11,2024,41.876040125,-87.690795242
2023-01-08 00:00:00 UTC,MOTOR VEHICLE THEFT,false,false,19,2023,41.9553359,-87.656158033
2023-01-05 12:00:00 UTC,OTHER OFFENSE,false,false,6,2023,41.74076516,-87.647399112
2025-10-17 13:36:00 UTC,OTHER OFFENSE,false,false,5,2025,41.712026971,-87.624832388
2025-10-12 20:00:00 UTC,THEFT,false,false,18,2025,41.903203253,-87.627340259
2021-11-19 19:00:00 UTC,THEFT,false,false,10,2021,41.861682108,-87.709191415
2020-10-07 12:27:00 UTC,CRIMINAL TRESPASS,true,false,11,2020,41.902365801,-87.716854733
2023-01-01 04:13:00 UTC,OFFENSE INVOLVING CHILDREN,false,true,18,2023,41.88789622,-87.637281436
2023-03-07 18:00:00 UTC,INTIMIDATION,false,false,6,2023,41.736951024,-87.661879218
2022-10-27 08:45:00 UTC,BATTERY,false,true,9,2022,41.803667166,-87.676994658
2024-11-05 08:00:00 UTC,OTHER OFFENSE,false,true,6,2024,41.753683408,-87.652608637
2021-05-21 16:45:00 UTC,BATTERY,false,false,6,2021,41.749318829,-87.613256378
2024-12-26 11:30:00 UTC,BURGLARY,false,false,18,2024,41.904888868,-87.631476426
2020-02-01 23:05:00 UTC,NARCOTICS,true,false,4,2020,41.751408165,-87.556524868
2024-03-06 19:45:00 UTC,THEFT,false,false,17,2024,41.975370278,-87.744023432
2022-04-01 16:35:00 UTC,DECEPTIVE PRACTICE,false,false,25,2022,41.934342838,-87.725845155
2023-03-22 19:56:00 UTC,NARCOTICS,true,false,15,2023,41.890203035,-87.765215951
2023-04-06 18:05:00 UTC,THEFT,false,false,10,2023,41.850126439,-87.691832759
2024-09-23 19:45:00 UTC,CRIMINAL DAMAGE,false,false,2,2024,41.803417249,-87.585796054
2021-12-13 05:30:00 UTC,THEFT,false,false,6,2021,41.735680165,-87.617735748
2025-10-15 08:00:00 UTC,SEX OFFENSE,false,false,4,2025,41.751317167,-87.563800456
2021-07-20 07:15:00 UTC,ROBBERY,false,false,6,2021,41.750223781,-87.619747396
2024-08-07 05:52:00 UTC,INTERFERENCE WITH PUBLIC OFFICER,true,false,16,2024,41.942247162,-87.765162185
2021-06-02 16:40:00 UTC,ASSAULT,false,false,25,2021,41.918001886,-87.722913776
2023-04-25 22:00:00 UTC,OTHER OFFENSE,false,false,10,2023,41.850589764,-87.713744118
2021-04-25 17:32:00 UTC,BATTERY,false,true,14,2021,41.930164786,-87.711243739
2025-06-30 21:37:00 UTC,ROBBERY,false,false,4,2025,41.76015578,-87.556752911
2025-08-05 00:00:00 UTC,THEFT,false,false,19,2025,41.957754638,-87.682441789
2020-12-05 10:55:00 UTC,BATTERY,true,false,7,2020,41.772728408,-87.628864528
2022-06-09 17:50:00 UTC,BATTERY,true,true,6,2022,41.755242422,-87.652650803
2024-12-01 18:29:00 UTC,WEAPONS VIOLATION,true,false,11,2024,41.876141039,-87.728581417
2024-10-18 15:31:00 UTC,OTHER OFFENSE,false,false,1,2024,41.880404956,-87.624356147
2024-08-04 08:15:00 UTC,ASSAULT,true,false,12,2024,41.881570868,-87.659853167
2023-07-05 18:30:00 UTC,THEFT,false,false,17,2023,41.954403064,-87.710478691
2022-04-18 21:30:00 UTC,CRIMINAL DAMAGE,false,false,3,2022,41.761409091,-87.560699994
2023-06-29 19:53:00 UTC,DECEPTIVE PRACTICE,true,false,1,2023,41.885481891,-87.627935689
2020-06-29 12:00:00 UTC,DECEPTIVE PRACTICE,false,false,3,2020,41.774516813,-87.592939605
2024-04-07 13:29:00 UTC,ASSAULT,false,false,12,2024,41.89636798,-87.649203901
2021-04-03 20:08:00 UTC,BATTERY,false,false,3,2021,41.784592108,-87.622204403
2020-11-01 13:00:00 UTC,THEFT,false,false,12,2020,41.890765456,-87.64435696
2021-06-19 21:30:00 UTC,THEFT,false,false,18,2021,41.891637993,-87.630299319
2025-11-01 11:18:00 UTC,BATTERY,false,true,3,2025,41.769417774,-87.569856281
2024-03-04 05:05:00 UTC,THEFT,false,false,1,2024,41.879392098,-87.633264712
2024-11-26 12:00:00 UTC,DECEPTIVE PRACTICE,false,false,19,2024,41.930757273,-87.657311088
2025-08-17 13:40:00 UTC,BATTERY,true,true,6,2025,41.756025905,-87.610198098
2022-07-03 09:00:00 UTC,ASSAULT,false,false,10,2022,41.865490571,-87.708078696
2023-11-05 11:00:00 UTC,ASSAULT,false,false,4,2023,41.736235913,-87.586898052
2024-06-27 14:00:00 UTC,THEFT,false,false,20,2024,41.976775495,-87.692825033
2024-08-18 21:05:00 UTC,DECEPTIVE PRACTICE,false,false,12,2024,41.864271341,-87.660357816
2025-08-15 09:00:00 UTC,MOTOR VEHICLE THEFT,false,true,9,2025,41.810406385,-87.643157281
2021-05-15 18:52:00 UTC,NARCOTICS,true,false,11,2021,41.879805655,-87.722039942
2024-03-06 18:00:00 UTC,THEFT,false,false,12,2024,41.856988055,-87.659883565
2024-04-15 03:15:00 UTC,BATTERY,false,true,9,2024,41.833585241,-87.643737611
2025-07-01 04:05:00 UTC,CRIMINAL SEXUAL ASSAULT,false,true,9,2025,41.842984768,-87.641526461
2020-03-14 02:26:00 UTC,BATTERY,false,true,3,2020,41.765157518,-87.620069455
2025-03-31 09:40:00 UTC,THEFT,false,false,19,2025,41.946724511,-87.691501175
2025-03-03 09:40:00 UTC,CRIMINAL TRESPASS,true,false,1,2025,41.885888079,-87.627942238
2024-04-15 06:40:00 UTC,MOTOR VEHICLE THEFT,false,false,2,2024,41.790716455,-87.615880848
2021-06-23 10:46:00 UTC,BURGLARY,false,false,7,2021,41.780669724,-87.65706763
2021-11-12 12:00:00 UTC,MOTOR VEHICLE THEFT,false,false,7,2021,41.769916749,-87.663954978
2024-12-29 14:55:00 UTC,ROBBERY,false,false,14,2024,41.903048352,-87.685315633
2024-04-29 11:15:00 UTC,THEFT,false,false,18,2024,41.903496586,-87.629974549
2020-08-16 12:00:00 UTC,DECEPTIVE PRACTICE,false,false,3,2020,41.770729563,-87.572755066
2021-04-20 20:30:00 UTC,ASSAULT,false,false,11,2021,41.875778829,-87.701071683
2023-07-07 16:37:00 UTC,BATTERY,false,false,9,2023,41.851316079,-87.631981639
2023-11-12 02:26:00 UTC,OTHER OFFENSE,false,true,8,2023,41.795254825,-87.765365801
2024-09-12 21:00:00 UTC,BATTERY,false,false,6,2024,41.758032284,-87.610245211
2023-10-01 14:14:00 UTC,BATTERY,false,true,16,2023,41.966757099,-87.776074946
2024-07-21 19:47:00 UTC,BATTERY,false,false,19,2024,41.965342725,-87.639851296
2025-09-10 19:22:00 UTC,CRIMINAL DAMAGE,false,false,2,2025,41.809669669,-87.594427666
2020-12-18 15:05:00 UTC,CRIMINAL TRESPASS,false,false,2,2020,41.805200824,-87.608893488
2024-08-20 21:00:00 UTC,THEFT,false,false,19,2024,41.933333772,-87.667114887
2023-11-25 22:25:00 UTC,OFFENSE INVOLVING CHILDREN,false,true,6,2023,41.753491473,-87.655421615
2025-05-30 00:00:00 UTC,BATTERY,false,false,25,2025,41.917275556,-87.717427731
2024-01-07 04:35:00 UTC,BURGLARY,false,false,10,2024,41.847821415,-87.683076561
2020-02-16 21:09:00 UTC,BATTERY,false,true,1,2020,41.871834768,-87.62615082
2022-03-10 06:00:00 UTC,DECEPTIVE PRACTICE,false,false,19,2022,41.933880673,-87.649053068
2024-11-09 18:45:00 UTC,THEFT,false,false,14,2024,41.910302064,-87.68885364
2023-08-01 13:52:00 UTC,ROBBERY,false,false,3,2023,41.768310521,-87.624917247
2021-05-29 17:00:00 UTC,MOTOR VEHICLE THEFT,false,false,6,2021,41.755278377,-87.634413562
2020-10-30 21:50:00 UTC,ASSAULT,true,false,16,2020,41.960903273,-87.770923374
2021-12-29 08:52:00 UTC,BATTERY,true,true,8,2021,41.792763782,-87.76054721
2023-03-23 05:47:00 UTC,THEFT,false,false,24,2023,42.012099666,-87.698424465
2023-03-30 08:00:00 UTC,THEFT,false,false,6,2023,41.747686277,-87.658516925
2024-02-19 10:30:00 UTC,BATTERY,false,true,12,2024,41.893085733,-87.682705794
2022-06-24 12:00:00 UTC,DECEPTIVE PRACTICE,false,true,3,2022,41.781426555,-87.618884578
2021-05-19 15:29:00 UTC,BATTERY,false,true,16,2021,41.952758604,-87.805640126
2020-06-06 16:00:00 UTC,MOTOR VEHICLE THEFT,false,false,18,2020,41.894327846,-87.62814321
2021-09-03 12:00:00 UTC,DECEPTIVE PRACTICE,false,false,8,2021,41.779196307,-87.722776402
2022-01-23 03:00:00 UTC,ASSAULT,false,false,18,2022,41.907056567,-87.634586291
2020-11-02 18:07:00 UTC,BATTERY,false,false,25,2020,41.924902436,-87.766025313
2024-01-13 18:21:00 UTC,BATTERY,false,true,10,2024,41.847432183,-87.718538539
2023-09-05 15:15:00 UTC,THEFT,false,false,14,2023,41.929743818,-87.684273777
2022-12-12 07:30:00 UTC,THEFT,false,false,2,2022,41.790894592,-87.604940233
2020-01-06 12:00:00 UTC,DECEPTIVE PRACTICE,false,false,6,2020,41.728994992,-87.627045546
2025-07-02 12:40:00 UTC,BATTERY,false,true,3,2025,41.781778297,-87.587862346
2023-05-26 03:00:00 UTC,CRIMINAL DAMAGE,false,false,4,2023,41.744262045,-87.581279284
2024-12-16 00:04:00 UTC,ASSAULT,false,false,12,2024,41.87794002,-87.647759117
2024-03-24 13:00:00 UTC,THEFT,false,false,3,2024,41.780268189,-87.614002814
2023-09-24 19:37:00 UTC,ASSAULT,false,true,10,2023,41.845598663,-87.706290551
2021-08-24 15:27:00 UTC,THEFT,false,false,19,2021,41.969139248,-87.65105867
2025-11-18 14:18:00 UTC,CRIMINAL TRESPASS,true,false,1,2025,41.878156422,-87.629995452
2021-09-28 13:29:00 UTC,BATTERY,false,false,6,2021,41.750832464,-87.605224746
2024-04-22 09:10:00 UTC,ROBBERY,false,false,4,2024,41.736922044,-87.551419766
2023-06-11 13:40:00 UTC,ASSAULT,true,true,25,2023,41.931288158,-87.765450553
2022-05-15 12:20:00 UTC,BATTERY,false,true,22,2022,41.71160204,-87.646603177
2020-12-29 12:58:00 UTC,CRIMINAL DAMAGE,false,false,6,2020,41.73755298,-87.621019843
2024-04-17 17:50:00 UTC,THEFT,false,false,1,2024,41.88184935,-87.641606807
2023-03-23 20:10:00 UTC,NARCOTICS,true,false,11,2023,41.873907046,-87.725430093
2021-06-12 02:00:00 UTC,ROBBERY,false,false,14,2021,41.90567115,-87.695979163
2025-02-05 01:27:00 UTC,NARCOTICS,true,false,11,2025,41.876645322,-87.742691439
2020-06-21 18:30:00 UTC,BATTERY,false,true,4,2020,41.68954329,-87.537696716
2024-04-28 09:00:00 UTC,THEFT,false,false,12,2024,41.88994273,-87.687905116
2025-02-05 15:50:00 UTC,THEFT,false,false,4,2025,41.758331814,-87.571244836
2023-08-30 13:29:00 UTC,BATTERY,true,false,14,2023,41.905258171,-87.711753756
2025-11-27 13:03:00 UTC,ASSAULT,false,true,7,2025,41.764452305,-87.637081449
2021-12-23 13:00:00 UTC,THEFT,false,false,19,2021,41.954475247,-87.655402462
2021-09-08 02:45:00 UTC,BATTERY,true,true,6,2021,41.737733086,-87.601210469
2023-08-12 22:19:00 UTC,BURGLARY,false,false,9,2023,41.824589398,-87.687134703
2023-12-07 12:40:00 UTC,BATTERY,false,false,10,2023,41.856547057,-87.695604526
2021-07-16 16:48:00 UTC,NARCOTICS,true,false,22,2021,41.729821121,-87.654377317
2022-10-17 16:20:00 UTC,BATTERY,false,false,6,2022,41.721689256,-87.626539467
2020-01-30 19:46:00 UTC,NARCOTICS,true,false,6,2020,41.750701977,-87.601532203
2021-12-24 02:50:00 UTC,CRIMINAL DAMAGE,false,false,25,2021,41.919366106,-87.769120387
2020-01-30 18:41:00 UTC,BATTERY,false,true,5,2020,41.706241754,-87.624357568
2023-12-25 23:00:00 UTC,ASSAULT,false,false,25,2023,41.938830338,-87.746557909
2020-05-19 12:50:00 UTC,THEFT,false,false,19,2020,41.93743245,-87.649180491
2025-04-18 01:02:00 UTC,OTHER OFFENSE,false,false,17,2025,41.963719573,-87.727904675
2025-08-04 17:00:00 UTC,OTHER OFFENSE,false,true,7,2025,41.783530913,-87.636222431
2021-08-23 07:00:00 UTC,DECEPTIVE PRACTICE,false,false,8,2021,41.745508791,-87.684018374
2021-11-24 15:47:00 UTC,THEFT,false,false,17,2021,41.939300241,-87.711739358
2020-09-08 15:20:00 UTC,DECEPTIVE PRACTICE,false,false,22,2020,41.721536966,-87.637559575
2023-11-05 00:00:00 UTC,BATTERY,false,true,2,2023,41.80171934,-87.630703621
2020-02-10 13:28:00 UTC,CRIMINAL DAMAGE,false,true,4,2020,41.744019197,-87.544250543
2025-09-09 15:00:00 UTC,ASSAULT,false,false,12,2025,41.883283232,-87.667848083
2024-07-18 22:27:00 UTC,PROSTITUTION,true,false,8,2024,41.803515121,-87.743044463
2021-02-09 00:22:00 UTC,THEFT,false,false,16,2021,41.976762981,-87.900983721
2022-07-23 03:00:00 UTC,OTHER OFFENSE,true,true,11,2022,41.867037335,-87.7283882
2021-12-18 15:55:00 UTC,THEFT,false,false,19,2021,41.939923405,-87.668667203
2020-11-13 11:10:00 UTC,BATTERY,false,true,11,2020,41.886628828,-87.716065899
2023-06-27 10:00:00 UTC,DECEPTIVE PRACTICE,false,false,5,2023,41.655003274,-87.613923661
2020-08-28 20:11:00 UTC,NARCOTICS,true,false,25,2020,41.908551235,-87.751012308
2023-06-06 17:01:00 UTC,BATTERY,true,false,4,2023,41.751848142,-87.557468736
2022-05-31 20:12:00 UTC,OTHER OFFENSE,true,false,12,2022,41.876527017,-87.656597758
2025-06-01 03:00:00 UTC,ASSAULT,false,true,7,2025,41.771379267,-87.655497247
2023-08-24 20:45:00 UTC,BATTERY,true,false,11,2023,41.870932257,-87.744921277
2024-08-14 06:30:00 UTC,THEFT,false,false,1,2024,41.884499369,-87.625691681
2023-01-19 11:08:00 UTC,MOTOR VEHICLE THEFT,false,false,12,2023,41.893990113,-87.702155577
2020-01-10 12:50:00 UTC,BATTERY,false,false,3,2020,41.784833656,-87.622212733
2025-04-22 15:00:00 UTC,THEFT,false,false,2,2025,41.80062644,-87.590467932
2022-08-31 13:25:00 UTC,THEFT,true,false,18,2022,41.894465726,-87.624241063
2025-06-30 09:50:00 UTC,THEFT,false,false,6,2025,41.724747626,-87.622285912
2023-04-22 20:15:00 UTC,CRIMINAL DAMAGE,false,false,9,2023,41.796607767,-87.647676793
2024-12-08 17:55:00 UTC,BATTERY,false,false,22,2024,41.685154594,-87.636516591
2025-09-03 12:00:00 UTC,CRIMINAL DAMAGE,false,false,19,2025,41.958924552,-87.669179368
2023-10-24 08:30:00 UTC,MOTOR VEHICLE THEFT,false,false,22,2023,41.735066839,-87.650896405
2022-02-26 13:56:00 UTC,OTHER OFFENSE,false,true,15,2022,41.878364274,-87.763539901
2023-08-09 22:00:00 UTC,THEFT,false,false,19,2023,41.947225886,-87.655545441
2023-03-07 20:45:00 UTC,BATTERY,false,false,5,2023,41.69261082,-87.620388196
2024-12-17 18:52:00 UTC,THEFT,false,false,18,2024,41.895978014,-87.624275756
2023-03-03 21:45:00 UTC,THEFT,false,false,18,2023,41.888766628,-87.63105063
2022-07-25 20:45:00 UTC,ROBBERY,false,false,9,2022,41.816861262,-87.696919189
2023-08-04 09:02:00 UTC,BATTERY,true,true,11,2023,41.869826822,-87.723967106
2021-08-04 20:35:00 UTC,CRIMINAL DAMAGE,false,false,1,2021,41.884485203,-87.62874355
2022-04-13 00:00:00 UTC,CRIMINAL DAMAGE,false,false,11,2022,41.883695778,-87.726986175
2022-01-23 19:50:00 UTC,OTHER OFFENSE,false,false,16,2022,41.96059054,-87.758204687
2020-02-08 06:05:00 UTC,BATTERY,true,false,16,2020,41.976762981,-87.900983721
2022-07-23 12:50:00 UTC,CRIMINAL DAMAGE,false,false,20,2022,41.976399444,-87.669619346
2021-02-01 12:00:00 UTC,MOTOR VEHICLE THEFT,false,false,15,2021,41.871093058,-87.751165162
2025-12-10 01:45:00 UTC,CRIMINAL DAMAGE,false,false,25,2025,41.917097262,-87.731938922
2025-07-27 21:30:00 UTC,MOTOR VEHICLE THEFT,false,false,1,2025,41.857308478,-87.619340066
2021-05-12 12:15:00 UTC,ASSAULT,false,false,18,2021,41.896664035,-87.629175344
2024-11-08 10:00:00 UTC,BATTERY,false,false,5,2024,41.704662765,-87.628209119
2025-01-22 00:30:00 UTC,CRIMINAL DAMAGE,false,false,20,2025,41.989171298,-87.671583349
2024-01-17 01:14:00 UTC,ASSAULT,true,false,8,2024,41.808069268,-87.70803582
2024-12-25 18:00:00 UTC,CRIMINAL DAMAGE,false,false,8,2024,41.7858956,-87.727010234
2021-11-09 09:00:00 UTC,THEFT,false,false,2,2021,41.81410035,-87.59935831
2022-08-21 21:00:00 UTC,BATTERY,false,true,8,2022,41.75075651,-87.704854344
2024-11-14 16:00:00 UTC,STALKING,false,false,11,2024,41.872815608,-87.702173016
2024-04-19 01:00:00 UTC,THEFT,false,false,16,2024,41.954035844,-87.796424031
2025-02-08 10:15:00 UTC,DECEPTIVE PRACTICE,false,false,10,2025,41.855911352,-87.719966
2025-01-27 09:25:00 UTC,BATTERY,true,true,9,2025,41.796322047,-87.699715217
2022-09-21 19:00:00 UTC,MOTOR VEHICLE THEFT,false,false,1,2022,41.883281673,-87.615202429
2025-01-02 22:39:00 UTC,ASSAULT,true,false,16,2025,41.977331824,-87.811983582
2024-10-14 23:10:00 UTC,OTHER OFFENSE,false,false,12,2024,41.856966764,-87.685766368
2024-07-20 19:50:00 UTC,ASSAULT,false,false,22,2024,41.722578383,-87.662706548
2022-10-09 14:45:00 UTC,MOTOR VEHICLE THEFT,false,false,25,2022,41.906346301,-87.769444436
2022-09-16 20:00:00 UTC,THEFT,false,false,4,2022,41.667854056,-87.544350515
2021-07-03 23:14:00 UTC,BATTERY,false,true,4,2021,41.748147478,-87.562159947
2024-12-16 22:10:00 UTC,BATTERY,true,true,5,2024,41.656782576,-87.602332931
2024-02-27 13:00:00 UTC,THEFT,false,false,14,2024,41.931138327,-87.697596282
2020-06-05 00:56:00 UTC,BATTERY,false,true,8,2020,41.766062204,-87.683279663
2024-12-01 22:00:00 UTC,ASSAULT,false,false,24,2024,41.990740957,-87.675878227
2023-03-24 11:00:00 UTC,CRIMINAL DAMAGE,false,false,8,2023,41.81170005,-87.748159806
2024-10-12 23:00:00 UTC,ASSAULT,false,false,6,2024,41.747824891,-87.643959918
2024-05-05 07:00:00 UTC,ASSAULT,false,true,25,2024,41.918890472,-87.786522492
2023-10-20 20:00:00 UTC,CRIMINAL DAMAGE,false,false,17,2023,41.97004342,-87.729694456
2023-04-01 18:30:00 UTC,CRIMINAL DAMAGE,false,true,3,2023,41.772635626,-87.58384403
2021-05-25 13:20:00 UTC,DECEPTIVE PRACTICE,true,false,4,2021,41.738741616,-87.550225209
2022-04-25 22:15:00 UTC,OTHER OFFENSE,false,false,15,2022,41.901532511,-87.763804156
2020-05-30 12:00:00 UTC,CRIMINAL DAMAGE,false,false,12,2020,41.862722844,-87.646787332
2020-06-27 18:00:00 UTC,CRIMINAL DAMAGE,false,false,10,2020,41.846059288,-87.695253595
2020-08-28 06:40:00 UTC,CRIMINAL TRESPASS,false,false,4,2020,41.707418751,-87.559647519
2024-08-05 12:00:00 UTC,DECEPTIVE PRACTICE,false,false,17,2024,41.956221677,-87.734045486
2025-11-08 15:15:00 UTC,BURGLARY,false,true,5,2025,41.697042099,-87.631401112
2025-05-26 04:00:00 UTC,ASSAULT,false,true,11,2025,41.872310326,-87.742870872
2025-01-17 11:00:00 UTC,DECEPTIVE PRACTICE,false,false,18,2025,41.891135724,-87.628049777
2023-09-23 02:30:00 UTC,CRIMINAL DAMAGE,false,false,9,2023,41.807824573,-87.66130104
2023-12-11 15:04:00 UTC,ASSAULT,false,false,12,2023,41.884227074,-87.651445025
2024-07-22 12:55:00 UTC,ASSAULT,false,false,25,2024,41.908452786,-87.765880756
2020-01-11 20:00:00 UTC,BATTERY,false,false,9,2020,41.852868298,-87.63091491
2024-06-26 19:00:00 UTC,MOTOR VEHICLE THEFT,false,false,5,2024,41.666713055,-87.622247761
2023-06-24 17:05:00 UTC,THEFT,false,false,1,2023,41.877896435,-87.624310435
2024-03-21 23:30:00 UTC,MOTOR VEHICLE THEFT,false,false,17,2024,41.97799709,-87.712381901
2023-07-12 07:20:00 UTC,THEFT,false,true,3,2023,41.777558327,-87.615558249
2021-01-03 12:50:00 UTC,CRIMINAL DAMAGE,false,true,6,2021,41.742719912,-87.607331741
2020-05-21 13:30:00 UTC,BATTERY,false,false,25,2020,41.934791252,-87.776393727
2025-12-03 23:31:00 UTC,MOTOR VEHICLE THEFT,false,false,16,2025,41.941972882,-87.787824984
2024-01-30 05:40:00 UTC,BATTERY,false,true,7,2024,41.762175196,-87.673462746
2023-11-26 15:05:00 UTC,THEFT,false,true,5,2023,41.712655533,-87.621741627
2022-12-29 19:35:00 UTC,PUBLIC PEACE VIOLATION,true,false,1,2022,41.867930819,-87.640743571
2025-09-28 17:00:00 UTC,THEFT,false,false,15,2025,41.869812391,-87.744880147
2025-11-14 21:32:00 UTC,WEAPONS VIOLATION,true,true,2,2025,41.806854318,-87.612612449
2025-06-16 02:20:00 UTC,CRIMINAL DAMAGE,false,false,11,2025,41.890813098,-87.721060899
2021-07-21 23:30:00 UTC,DECEPTIVE PRACTICE,false,false,17,2021,41.96097313,-87.725923177
2022-03-23 21:30:00 UTC,THEFT,false,false,19,2022,41.965875304,-87.663926268
2021-10-28 20:31:00 UTC,WEAPONS VIOLATION,false,false,3,2021,41.777714358,-87.593009148
2022-11-07 17:00:00 UTC,ROBBERY,false,false,5,2022,41.717493798,-87.629768425
2021-04-30 11:30:00 UTC,BATTERY,false,false,11,2021,41.892517133,-87.745722214
2023-04-12 13:00:00 UTC,ROBBERY,false,false,2,2023,41.797684416,-87.617677164
2025-11-02 20:37:00 UTC,THEFT,false,false,1,2025,41.866810739,-87.625817031
2025-02-08 01:30:00 UTC,THEFT,false,false,12,2025,41.89611927,-87.664280577
2024-10-25 00:00:00 UTC,MOTOR VEHICLE THEFT,false,false,1,2024,41.841164277,-87.6171782
2023-07-01 06:42:00 UTC,BATTERY,true,false,12,2023,41.877467769,-87.678277981
2021-04-27 09:05:00 UTC,THEFT,false,false,24,2021,42.010000989,-87.662352589
2022-01-22 18:30:00 UTC,THEFT,false,false,2,2022,41.821536978,-87.621542622
2023-10-27 20:10:00 UTC,ROBBERY,false,false,12,2023,41.894549179,-87.679458772
2023-02-21 10:15:00 UTC,THEFT,false,false,2,2023,41.833139883,-87.615392595
2024-06-28 19:30:00 UTC,THEFT,false,false,9,2024,41.81691816,-87.633567673
2022-11-06 23:30:00 UTC,THEFT,false,false,14,2022,41.907004233,-87.669236547
2022-01-18 20:24:00 UTC,OTHER OFFENSE,false,false,8,2022,41.737673128,-87.717292854
2023-03-15 14:00:00 UTC,THEFT,false,false,6,2023,41.74495038,-87.605060353
2025-11-16 10:12:00 UTC,THEFT,false,false,24,2025,42.017034519,-87.680468694
2020-12-18 12:00:00 UTC,DECEPTIVE PRACTICE,false,false,5,2020,41.677119997,-87.616569219
2023-05-06 12:41:00 UTC,CRIMINAL DAMAGE,false,false,9,2023,41.804911724,-87.664863565
2024-03-09 20:45:00 UTC,CRIMINAL TRESPASS,true,false,16,2024,41.939127704,-87.788525523
2023-10-14 16:50:00 UTC,ASSAULT,false,true,3,2023,41.7759329,-87.605831782
2023-07-28 13:00:00 UTC,BATTERY,false,true,14,2023,41.934204659,-87.687944171
2022-03-27 07:30:00 UTC,MOTOR VEHICLE THEFT,false,false,16,2022,41.992663658,-87.887544993
2020-06-14 16:06:00 UTC,WEAPONS VIOLATION,false,false,5,2020,41.672075344,-87.660511455
2022-11-30 14:40:00 UTC,BATTERY,false,false,10,2022,41.864033702,-87.717792133
2023-06-18 20:25:00 UTC,BATTERY,false,false,8,2023,41.807664382,-87.739829924
2023-08-09 14:00:00 UTC,MOTOR VEHICLE THEFT,false,false,16,2023,41.988733408,-87.777921115
2021-07-09 23:10:00 UTC,BATTERY,false,true,9,2021,41.806367693,-87.657615379
2025-01-31 12:00:00 UTC,THEFT,false,false,9,2025,41.81512646,-87.666371443
2021-02-04 11:03:00 UTC,DECEPTIVE PRACTICE,false,false,22,2021,41.705923868,-87.667087474
2023-11-28 01:23:00 UTC,BATTERY,false,false,5,2023,41.682562415,-87.620162333
2022-07-20 15:00:00 UTC,THEFT,false,false,15,2022,41.897967942,-87.7655071
2023-07-07 08:00:00 UTC,DECEPTIVE PRACTICE,false,false,24,2023,41.990380526,-87.656824028
2021-11-22 09:07:00 UTC,ASSAULT,false,false,8,2021,41.794462581,-87.770558224
2020-03-29 10:00:00 UTC,THEFT,false,false,16,2020,41.947851255,-87.755345337
2024-06-25 13:00:00 UTC,ASSAULT,false,false,8,2024,41.783451628,-87.70326286
2025-04-20 09:00:00 UTC,ASSAULT,false,false,24,2025,41.998101137,-87.703327771
2020-06-10 22:00:00 UTC,MOTOR VEHICLE THEFT,false,false,8,2020,41.82357193,-87.717732231
2022-06-10 12:00:00 UTC,MOTOR VEHICLE THEFT,false,true,17,2022,41.958091462,-87.713045786
2023-01-30 19:00:00 UTC,CRIMINAL DAMAGE,false,false,4,2023,41.702121118,-87.563980845
2023-10-12 02:00:00 UTC,CRIMINAL DAMAGE,true,false,19,2023,41.956448077,-87.692138912
2024-11-16 09:00:00 UTC,THEFT,false,false,5,2024,41.695908161,-87.595822806
2024-01-06 00:00:00 UTC,WEAPONS VIOLATION,false,false,8,2024,41.796177943,-87.717114302
2021-08-25 16:00:00 UTC,OTHER OFFENSE,false,true,8,2021,41.784479528,-87.700048161
2025-04-30 17:00:00 UTC,CRIMINAL TRESPASS,false,false,19,2025,41.932755165,-87.647150367
2021-01-18 19:05:00 UTC,ROBBERY,false,true,18,2021,41.906765556,-87.630070917
2023-11-05 21:58:00 UTC,THEFT,false,false,19,2023,41.947295978,-87.651162974
2023-09-11 17:57:00 UTC,BATTERY,true,true,4,2023,41.691253086,-87.538898526
2024-08-31 18:00:00 UTC,THEFT,false,false,12,2024,41.854134559,-87.646534151
2024-12-10 16:00:00 UTC,BATTERY,false,false,11,2024,41.868252211,-87.735040369
2025-07-24 22:19:00 UTC,ASSAULT,false,true,2,2025,41.791997364,-87.622393919
2021-12-07 12:00:00 UTC,DECEPTIVE PRACTICE,false,false,5,2021,41.721840482,-87.617277592
2020-08-26 21:09:00 UTC,WEAPONS VIOLATION,false,false,25,2020,41.911526114,-87.769178414
2021-07-29 15:45:00 UTC,BATTERY,false,true,22,2021,41.690608819,-87.700786641
2023-02-06 00:27:00 UTC,BATTERY,true,true,16,2023,41.940423951,-87.764950486
2020-12-19 08:58:00 UTC,CRIMINAL DAMAGE,false,true,25,2020,41.909888101,-87.764233201
2021-06-13 16:00:00 UTC,BATTERY,false,false,10,2021,41.855004397,-87.726427684
2024-06-07 10:53:00 UTC,OTHER OFFENSE,false,true,6,2024,41.747645513,-87.603366198
2023-04-25 18:10:00 UTC,BATTERY,false,false,1,2023,41.862218265,-87.639087164
2024-07-09 19:58:00 UTC,THEFT,true,false,24,2024,41.990615196,-87.683188577
2023-07-20 11:21:00 UTC,THEFT,false,false,18,2023,41.891581539,-87.634538286
2024-06-11 19:46:00 UTC,WEAPONS VIOLATION,true,false,12,2024,41.866859553,-87.667012497
2024-01-02 06:00:00 UTC,THEFT,false,false,9,2024,41.798812004,-87.653777929
2025-07-12 03:00:00 UTC,BURGLARY,false,false,12,2025,41.874342594,-87.674531651
2024-06-07 12:10:00 UTC,THEFT,false,false,19,2024,41.946836457,-87.664007853
2025-07-15 06:07:00 UTC,ASSAULT,false,false,4,2025,41.754829469,-87.572393079
2022-06-26 00:00:00 UTC,THEFT,false,true,7,2022,41.776151397,-87.641651267
2022-04-22 19:25:00 UTC,ASSAULT,false,true,15,2022,41.882171427,-87.770395157
2022-04-12 18:30:00 UTC,THEFT,false,false,3,2022,41.779511964,-87.605912319
2022-10-02 18:00:00 UTC,BATTERY,true,true,12,2022,41.900672328,-87.663873069
2024-05-25 22:00:00 UTC,THEFT,false,false,19,2024,41.943978856,-87.661508823
2021-06-05 18:05:00 UTC,WEAPONS VIOLATION,true,false,2,2021,41.821441875,-87.619925765
2024-10-21 03:00:00 UTC,ASSAULT,false,false,25,2024,41.932022618,-87.75644378
2023-08-12 20:19:00 UTC,BATTERY,false,true,7,2023,41.771630718,-87.647004386
2021-12-14 04:30:00 UTC,BATTERY,false,false,6,2021,41.75050077,-87.610062219
2022-06-14 12:50:00 UTC,BATTERY,false,true,3,2022,41.761490958,-87.615194874
2023-09-03 21:00:00 UTC,CRIMINAL DAMAGE,false,false,3,2023,41.777880123,-87.614355797
2024-04-17 22:05:00 UTC,PROSTITUTION,true,false,25,2024,41.931451751,-87.752619531
2023-03-05 08:21:00 UTC,OTHER OFFENSE,false,true,12,2023,41.885675419,-87.646736286
2023-10-26 06:00:00 UTC,CRIMINAL DAMAGE,false,true,6,2023,41.756793086,-87.602199684
2022-01-22 10:30:00 UTC,BATTERY,true,true,6,2022,41.744922892,-87.66134911
2021-10-23 15:29:00 UTC,CRIMINAL TRESPASS,true,false,8,2021,41.810285982,-87.710438879
2024-09-09 19:00:00 UTC,DECEPTIVE PRACTICE,false,false,25,2024,41.923896527,-87.771296264
2025-08-24 00:15:00 UTC,BATTERY,false,true,22,2025,41.704476605,-87.646408011
2020-01-23 19:10:00 UTC,NARCOTICS,true,false,15,2020,41.893498663,-87.76351192
2025-04-08 13:00:00 UTC,THEFT,false,false,17,2025,41.9817796,-87.716129742
2023-02-04 16:30:00 UTC,MOTOR VEHICLE THEFT,false,false,6,2023,41.733825904,-87.624076285
2020-11-19 01:29:00 UTC,WEAPONS VIOLATION,false,false,2,2020,41.821983253,-87.624036108
2022-11-01 09:45:00 UTC,ASSAULT,false,false,24,2022,42.016607113,-87.675302757
2022-03-06 00:00:00 UTC,CRIMINAL DAMAGE,false,true,11,2022,41.897023903,-87.736814122
2024-05-21 08:08:00 UTC,OTHER OFFENSE,false,false,3,2024,41.76322948,-87.612785639
2022-10-04 13:30:00 UTC,ASSAULT,false,false,8,2022,41.787537331,-87.702163149
2023-02-05 13:30:00 UTC,MOTOR VEHICLE THEFT,false,false,3,2023,41.781293251,-87.60595085
2023-07-19 03:20:00 UTC,BATTERY,false,true,4,2023,41.725464205,-87.570556381
2025-05-06 08:10:00 UTC,THEFT,true,false,17,2025,41.968234567,-87.728571616
2023-07-01 16:00:00 UTC,BATTERY,false,true,15,2023,41.880762322,-87.771810281
2023-11-25 10:41:00 UTC,ROBBERY,false,false,11,2023,41.875198745,-87.73099901
2025-07-29 03:00:00 UTC,MOTOR VEHICLE THEFT,false,false,5,2025,41.6972719,-87.618374066
2025-03-28 16:37:00 UTC,ASSAULT,false,false,15,2025,41.900478961,-87.749642063
2024-06-08 19:52:00 UTC,BURGLARY,false,false,20,2024,41.986721052,-87.705849218
2023-09-01 16:12:00 UTC,THEFT,false,true,7,2023,41.784385307,-87.638185818
2020-11-20 09:15:00 UTC,BATTERY,true,false,19,2020,41.962737417,-87.650663692
2023-01-06 00:00:00 UTC,OTHER OFFENSE,false,true,2,2023,41.808770282,-87.599250428
2025-03-02 23:20:00 UTC,THEFT,false,false,25,2025,41.93539469,-87.730686524
2021-05-27 10:00:00 UTC,THEFT,false,false,8,2021,41.803201891,-87.72198373
2024-04-26 00:00:00 UTC,ASSAULT,false,true,25,2024,41.929949598,-87.772275794
2024-06-22 11:00:00 UTC,ASSAULT,false,true,15,2024,41.866289097,-87.772928201
2025-06-10 10:30:00 UTC,THEFT,false,false,24,2025,42.007891504,-87.666727525
2024-06-13 18:15:00 UTC,MOTOR VEHICLE THEFT,false,false,17,2024,41.957394249,-87.720677668
2021-07-20 06:46:00 UTC,BATTERY,false,false,1,2021,41.8762502,-87.62971526
2020-11-03 11:00:00 UTC,BATTERY,false,false,8,2020,41.798392201,-87.744778495
2023-10-31 11:08:00 UTC,MOTOR VEHICLE THEFT,false,true,18,2023,41.895003278,-87.62152816
2020-12-17 15:00:00 UTC,DECEPTIVE PRACTICE,false,false,15,2020,41.892935505,-87.763946647
2022-01-11 00:00:00 UTC,CRIMINAL DAMAGE,false,false,19,2022,41.947772955,-87.646015206
2023-07-05 10:57:00 UTC,BATTERY,false,false,10,2023,41.84392392,-87.695194072
2023-09-29 18:30:00 UTC,DECEPTIVE PRACTICE,false,false,3,2023,41.776933681,-87.590257484
2025-01-25 11:30:00 UTC,DECEPTIVE PRACTICE,false,false,9,2025,41.837489008,-87.646264459
2022-02-24 22:00:00 UTC,THEFT,false,false,14,2022,41.906441698,-87.675439741
2020-09-02 11:43:00 UTC,DECEPTIVE PRACTICE,true,false,19,2020,41.954044565,-87.686343366
2021-01-23 01:00:00 UTC,WEAPONS VIOLATION,false,false,25,2021,41.90469007,-87.759731564
2023-09-06 07:00:00 UTC,CRIMINAL DAMAGE,false,false,2,2023,41.801968515,-87.593463546
2022-05-14 01:45:00 UTC,ASSAULT,false,false,1,2022,41.87683815,-87.634320718
2025-09-10 18:20:00 UTC,ASSAULT,false,false,12,2025,41.888525948,-87.644322264
2023-06-01 10:25:00 UTC,BATTERY,false,true,2,2023,41.802842566,-87.610053363
2021-05-11 23:30:00 UTC,DECEPTIVE PRACTICE,false,false,11,2021,41.868234132,-87.704934931
2025-08-09 13:06:00 UTC,ASSAULT,false,true,11,2025,41.899911004,-87.723780343
2020-04-02 17:00:00 UTC,DECEPTIVE PRACTICE,false,false,20,2020,41.985799077,-87.665019656
2025-08-03 15:00:00 UTC,CRIMINAL DAMAGE,false,false,17,2025,41.959787037,-87.731019272
2023-05-01 09:26:00 UTC,THEFT,false,true,24,2023,42.005675893,-87.680389836
2022-08-06 12:00:00 UTC,DECEPTIVE PRACTICE,false,false,25,2022,41.925908793,-87.759243881
2022-10-26 15:00:00 UTC,BATTERY,false,true,3,2022,41.779013043,-87.615597022
2020-11-03 22:33:00 UTC,BATTERY,false,false,4,2020,41.742312547,-87.552732116
2021-04-14 00:01:00 UTC,CRIMINAL DAMAGE,false,true,11,2021,41.878028065,-87.721652966
2025-04-30 12:30:00 UTC,THEFT,false,false,6,2025,41.758214815,-87.624119338
2024-12-29 06:15:00 UTC,MOTOR VEHICLE THEFT,false,false,18,2024,41.894949856,-87.62353785
2025-05-06 17:20:00 UTC,ROBBERY,false,false,2,2025,41.786605854,-87.619017747
2023-12-11 21:00:00 UTC,CRIMINAL DAMAGE,false,false,8,2023,41.7770607,-87.75448006
2024-02-23 22:54:00 UTC,BATTERY,false,true,7,2024,41.791798241,-87.654812781
2023-08-02 09:30:00 UTC,THEFT,false,false,19,2023,41.96203391,-87.645898728
2024-02-13 08:00:00 UTC,CRIMINAL DAMAGE,false,false,8,2024,41.778178551,-87.694581418
2020-03-10 18:00:00 UTC,MOTOR VEHICLE THEFT,false,false,11,2020,41.884076648,-87.721701774
2025-08-19 20:00:00 UTC,THEFT,false,false,3,2025,41.76916785,-87.566530745
2021-08-11 08:41:00 UTC,CRIMINAL DAMAGE,false,true,11,2021,41.876140547,-87.714070199
2025-09-30 23:32:00 UTC,BURGLARY,false,false,11,2025,41.874628744,-87.68868709
2020-05-16 15:42:00 UTC,BATTERY,false,true,11,2020,41.888638298,-87.719777899
2020-10-03 10:00:00 UTC,DECEPTIVE PRACTICE,false,false,25,2020,41.936292716,-87.738179393
2021-10-25 00:00:00 UTC,THEFT,false,false,19,2021,41.93743245,-87.649180491
2024-11-16 18:07:00 UTC,OTHER OFFENSE,false,false,3,2024,41.759743055,-87.613913212
2020-06-28 16:55:00 UTC,BATTERY,false,false,12,2020,41.885700244,-87.641726854
2023-06-14 12:00:00 UTC,DECEPTIVE PRACTICE,false,false,25,2023,41.92281473,-87.775682143
2024-12-15 05:53:00 UTC,BATTERY,true,false,5,2024,41.657700517,-87.603405739
2020-09-11 21:41:00 UTC,CRIMINAL DAMAGE,true,false,14,2020,41.916498253,-87.69716843
2025-03-13 14:00:00 UTC,ROBBERY,false,false,11,2025,41.886524557,-87.744282439
2020-10-03 00:00:00 UTC,DECEPTIVE PRACTICE,false,false,6,2020,41.72503226,-87.614223642
2024-01-11 16:30:00 UTC,BURGLARY,false,false,7,2024,41.766620914,-87.637182633
2021-12-18 22:00:00 UTC,BATTERY,false,true,9,2021,41.817433274,-87.690236837
2023-09-16 01:55:00 UTC,BATTERY,false,true,6,2023,41.748582349,-87.660163933
2023-06-08 22:06:00 UTC,LIQUOR LAW VIOLATION,true,false,16,2023,41.940365676,-87.806830281
2020-01-26 17:30:00 UTC,THEFT,false,false,19,2020,41.967756586,-87.68474482
2021-07-02 12:00:00 UTC,CRIMINAL TRESPASS,false,false,8,2021,41.795807807,-87.76177065
2020-11-27 09:00:00 UTC,DECEPTIVE PRACTICE,false,false,22,2020,41.688214341,-87.644680898
2020-03-01 15:00:00 UTC,BATTERY,false,false,10,2020,41.861320168,-87.704217033
2025-07-02 00:00:00 UTC,THEFT,false,false,1,2025,41.842709067,-87.626890005
2022-08-28 00:00:00 UTC,MOTOR VEHICLE THEFT,false,false,6,2022,41.751188596,-87.610776449
2021-03-13 05:15:00 UTC,CRIMINAL DAMAGE,false,true,4,2021,41.750946973,-87.558941807
2024-07-08 22:00:00 UTC,MOTOR VEHICLE THEFT,false,false,7,2024,41.762922354,-87.640030308
2022-01-29 20:40:00 UTC,BATTERY,false,false,22,2022,41.693332019,-87.704937675
2020-05-03 15:14:00 UTC,CRIMINAL DAMAGE,false,false,17,2020,41.972378802,-87.728142611
2021-05-30 16:30:00 UTC,MOTOR VEHICLE THEFT,false,false,24,2021,42.009258281,-87.709222657
2020-05-03 22:30:00 UTC,ROBBERY,false,false,11,2020,41.881859969,-87.723893182
2023-03-29 15:27:00 UTC,THEFT,false,false,25,2023,41.926049032,-87.80265592
2023-08-13 07:55:00 UTC,CRIMINAL DAMAGE,false,false,18,2023,41.910807115,-87.655045461
2025-08-10 09:56:00 UTC,THEFT,false,false,4,2025,41.720316302,-87.561987309
2023-02-19 01:11:00 UTC,PUBLIC PEACE VIOLATION,false,false,12,2023,41.852701418,-87.642310031
2024-08-14 06:16:00 UTC,ARSON,false,false,25,2024,41.906529462,-87.762084579
2024-02-11 11:00:00 UTC,MOTOR VEHICLE THEFT,false,false,17,2024,41.981919629,-87.710048756
2023-04-27 21:10:00 UTC,WEAPONS VIOLATION,true,false,2,2023,41.821553466,-87.621546109
2024-11-11 18:38:00 UTC,THEFT,false,false,6,2024,41.721689256,-87.626539467
2022-08-20 22:20:00 UTC,CRIMINAL DAMAGE,false,true,12,2022,41.855004537,-87.669884883
2020-03-02 17:30:00 UTC,THEFT,false,false,3,2020,41.765720398,-87.614832472
2023-08-23 23:55:00 UTC,BATTERY,false,true,11,2023,41.870491885,-87.727779197
2023-06-29 17:00:00 UTC,THEFT,false,false,2,2023,41.814217715,-87.603997393
2025-01-31 16:50:00 UTC,CRIMINAL DAMAGE,true,false,22,2025,41.699282761,-87.668064149
2024-05-26 02:00:00 UTC,BATTERY,false,true,8,2024,41.763635959,-87.693002917
2025-11-25 17:00:00 UTC,MOTOR VEHICLE THEFT,false,false,19,2025,41.961336068,-87.64989918
2020-08-29 15:45:00 UTC,ASSAULT,true,false,11,2020,41.883268747,-87.733460764
2024-05-21 06:55:00 UTC,CRIMINAL DAMAGE,false,true,11,2024,41.871907774,-87.701767054
2022-10-31 15:25:00 UTC,CRIMINAL DAMAGE,false,true,11,2022,41.880217478,-87.6899235
2024-04-01 02:36:00 UTC,WEAPONS VIOLATION,false,false,3,2024,41.760447891,-87.601674384
2023-07-04 22:35:00 UTC,WEAPONS VIOLATION,true,false,6,2023,41.736953666,-87.638778161
2021-09-30 00:05:00 UTC,CRIMINAL DAMAGE,false,false,18,2021,41.902975512,-87.624672208
2021-04-09 20:56:00 UTC,BATTERY,false,true,22,2021,41.697611791,-87.655906254
2021-10-25 17:55:00 UTC,ASSAULT,false,false,8,2021,41.798402801,-87.744705049
2021-11-13 10:00:00 UTC,OTHER OFFENSE,false,true,3,2021,41.770541753,-87.621828063
2023-04-07 03:04:00 UTC,CRIMINAL DAMAGE,false,false,4,2023,41.731112566,-87.552662571
2022-10-09 15:45:00 UTC,BATTERY,false,false,19,2022,41.940058928,-87.643719987
2023-05-12 21:03:00 UTC,OTHER OFFENSE,false,false,6,2023,41.751328486,-87.601228243
2023-06-30 13:30:00 UTC,THEFT,false,false,6,2023,41.739669366,-87.604907509
2022-03-31 20:20:00 UTC,BATTERY,false,true,1,2022,41.858643312,-87.6239505
2023-12-02 17:01:00 UTC,BATTERY,false,true,10,2023,41.853418351,-87.723862269
2025-01-10 16:25:00 UTC,DECEPTIVE PRACTICE,false,false,19,2025,41.927739992,-87.651970357
2020-02-18 12:01:00 UTC,THEFT,false,false,8,2020,41.766505081,-87.683949664
2022-08-19 14:00:00 UTC,THEFT,false,false,11,2022,41.883583662,-87.715731653
2023-09-29 19:26:00 UTC,THEFT,false,false,18,2023,41.909289945,-87.647258453
2023-08-15 00:38:00 UTC,BATTERY,false,true,15,2023,41.899347771,-87.770416965
2025-09-18 18:25:00 UTC,CRIMINAL DAMAGE,false,false,5,2025,41.680864656,-87.625203609
2023-07-23 16:00:00 UTC,THEFT,false,false,12,2023,41.861517395,-87.662453482
2022-08-19 14:00:00 UTC,CRIMINAL DAMAGE,false,false,24,2022,42.009107638,-87.666806815
2024-11-03 11:13:00 UTC,ROBBERY,true,false,12,2024,41.891520472,-87.647624933
2022-12-28 20:10:00 UTC,THEFT,false,false,24,2022,41.993875601,-87.66038471
2025-07-06 09:00:00 UTC,DECEPTIVE PRACTICE,false,false,8,2025,41.767527973,-87.68576485
2025-11-21 21:00:00 UTC,CRIMINAL DAMAGE,false,false,3,2025,41.764547794,-87.563037571
2023-06-01 01:37:00 UTC,BATTERY,false,true,7,2023,41.791798241,-87.654812781
2023-11-28 13:45:00 UTC,ASSAULT,false,false,11,2023,41.873907046,-87.725430093
2020-07-06 20:00:00 UTC,THEFT,false,false,4,2020,41.754254031,-87.58337625
2025-03-09 09:32:00 UTC,THEFT,false,false,8,2025,41.754592961,-87.741528537
2020-03-14 03:36:00 UTC,BATTERY,true,true,6,2020,41.754249832,-87.604039009
2022-04-21 11:00:00 UTC,DECEPTIVE PRACTICE,false,false,14,2022,41.911213592,-87.693348642
2021-11-25 12:00:00 UTC,MOTOR VEHICLE THEFT,false,false,7,2021,41.7715691,-87.664003785
2024-03-13 10:00:00 UTC,ASSAULT,true,true,3,2024,41.763075995,-87.559642688
2023-11-29 07:00:00 UTC,CRIMINAL DAMAGE,false,false,2,2023,41.815691656,-87.619769479
2023-08-14 06:20:00 UTC,BATTERY,false,true,8,2023,41.791228989,-87.702269949
2024-06-21 11:55:00 UTC,BATTERY,true,false,16,2024,41.972040781,-87.763437561
2021-07-29 17:00:00 UTC,OFFENSE INVOLVING CHILDREN,false,true,22,2021,41.70789916,-87.650154705
2023-12-21 10:30:00 UTC,DECEPTIVE PRACTICE,false,false,12,2023,41.853997141,-87.677005241
2023-03-16 15:00:00 UTC,ASSAULT,false,false,6,2023,41.757423116,-87.632847291
2024-10-17 00:29:00 UTC,CRIMINAL DAMAGE,true,false,15,2024,41.880186421,-87.768532463
2025-10-26 13:00:00 UTC,DECEPTIVE PRACTICE,false,false,19,2025,41.953232321,-87.654507591
2024-02-29 17:00:00 UTC,MOTOR VEHICLE THEFT,false,false,12,2024,41.901567839,-87.696846469
2022-12-19 23:30:00 UTC,THEFT,false,false,9,2022,41.808028819,-87.684414463
2021-01-27 18:53:00 UTC,BATTERY,false,false,8,2021,41.807009652,-87.71865374
2021-04-23 01:07:00 UTC,OTHER OFFENSE,false,false,6,2021,41.739879539,-87.601274026
2025-04-23 16:58:00 UTC,OTHER OFFENSE,false,true,3,2025,41.773349717,-87.584774209
2020-11-09 12:33:00 UTC,ASSAULT,false,false,24,2020,42.019826538,-87.668247896
2022-12-20 07:39:00 UTC,ASSAULT,false,true,22,2022,41.690959037,-87.687276621
2021-01-01 12:00:00 UTC,DECEPTIVE PRACTICE,false,false,7,2021,41.789418937,-87.67174966
2020-05-02 12:00:00 UTC,BATTERY,false,true,3,2020,41.773351315,-87.584598223
2020-09-28 18:15:00 UTC,BATTERY,false,true,16,2020,41.947755618,-87.76255847
2024-01-17 19:30:00 UTC,CRIMINAL DAMAGE,false,false,18,2024,41.906857592,-87.649396829
2025-05-10 16:00:00 UTC,DECEPTIVE PRACTICE,false,false,8,2025,41.805734255,-87.719810299
2020-09-16 00:01:00 UTC,CRIMINAL DAMAGE,false,false,17,2020,41.96843559,-87.710228021
2022-11-26 01:00:00 UTC,BATTERY,false,false,24,2022,42.005898802,-87.661008594
2024-11-01 07:00:00 UTC,CRIMINAL DAMAGE,false,false,25,2024,41.902370457,-87.76565911
2024-07-06 01:00:00 UTC,THEFT,false,false,14,2024,41.930251159,-87.700434817
2022-02-15 15:30:00 UTC,CRIMINAL DAMAGE,false,false,10,2022,41.862249063,-87.694516299
2024-10-04 15:00:00 UTC,CRIMINAL DAMAGE,false,false,17,2024,41.986977711,-87.740720007
2023-03-04 20:14:00 UTC,WEAPONS VIOLATION,true,false,2,2023,41.786772202,-87.629070144
2022-11-01 07:50:00 UTC,THEFT,false,false,1,2022,41.880366516,-87.6243529
2022-08-25 17:00:00 UTC,CRIMINAL DAMAGE,false,false,12,2022,41.895700883,-87.690972853
2024-05-18 18:00:00 UTC,OTHER OFFENSE,false,false,25,2024,41.906593213,-87.758362638
2025-03-30 03:00:00 UTC,MOTOR VEHICLE THEFT,false,false,5,2025,41.682954328,-87.638897922
2020-11-30 11:30:00 UTC,THEFT,false,false,4,2020,41.728969698,-87.599793306
2021-05-14 23:00:00 UTC,BATTERY,false,false,5,2021,41.712456039,-87.620106677
2023-02-11 20:56:00 UTC,DECEPTIVE PRACTICE,false,false,18,2023,41.889369287,-87.634022523
2022-06-08 04:16:00 UTC,THEFT,false,false,3,2022,41.773405326,-87.625143469
2025-06-07 05:05:00 UTC,ASSAULT,false,false,10,2025,41.865790996,-87.719511791
2020-11-09 18:30:00 UTC,THEFT,false,false,12,2020,41.887367034,-87.649230166
2025-10-22 01:12:00 UTC,THEFT,false,false,16,2025,41.974861952,-87.890372151
2023-07-01 00:00:00 UTC,THEFT,false,false,15,2023,41.873855027,-87.762346249
2024-01-22 09:00:00 UTC,THEFT,false,false,1,2024,41.881994258,-87.629773427
2021-06-19 02:40:00 UTC,BATTERY,false,true,11,2021,41.899105026,-87.716739169
2020-12-11 08:00:00 UTC,DECEPTIVE PRACTICE,false,false,22,2020,41.694240131,-87.711955258
2023-08-02 13:30:00 UTC,THEFT,false,false,1,2023,41.880366516,-87.6243529
2020-06-25 19:34:00 UTC,WEAPONS VIOLATION,true,false,3,2020,41.776150283,-87.615522623
2021-09-15 11:08:00 UTC,THEFT,false,false,3,2021,41.770742819,-87.576424413
2021-12-04 16:00:00 UTC,OTHER OFFENSE,false,false,8,2021,41.789031014,-87.697330203
2024-04-27 19:00:00 UTC,THEFT,false,false,1,2024,41.87845992,-87.635210027
2020-02-11 20:00:00 UTC,BATTERY,false,false,6,2020,41.738810875,-87.647342965
2020-07-31 19:33:00 UTC,BATTERY,false,true,25,2020,41.930798472,-87.756399686
2021-07-03 10:50:00 UTC,OTHER OFFENSE,false,false,6,2021,41.737743319,-87.619409259
2022-04-09 09:00:00 UTC,THEFT,false,false,8,2022,41.796327144,-87.752601425
2024-09-24 01:44:00 UTC,CRIMINAL DAMAGE,false,false,16,2024,41.947885569,-87.803408555
2021-04-30 18:00:00 UTC,THEFT,false,false,8,2021,41.812909696,-87.723773239
2023-03-30 22:50:00 UTC,BATTERY,false,false,25,2023,41.905983031,-87.746777968
2023-07-31 09:00:00 UTC,DECEPTIVE PRACTICE,false,false,19,2023,41.937054218,-87.662279825
2021-06-13 20:40:00 UTC,ROBBERY,false,false,17,2021,41.967100909,-87.727994004
2022-07-19 05:01:00 UTC,ASSAULT,false,true,6,2022,41.733931965,-87.603327317
2022-08-15 11:00:00 UTC,THEFT,false,false,5,2022,41.690696677,-87.629071953
2023-03-18 22:15:00 UTC,MOTOR VEHICLE THEFT,false,false,5,2023,41.69902045,-87.626871965
2025-10-16 20:30:00 UTC,BURGLARY,false,false,22,2025,41.700607322,-87.645068672
2023-01-08 08:51:00 UTC,BATTERY,false,false,10,2023,41.842416891,-87.685314897
2022-04-09 01:20:00 UTC,CRIMINAL DAMAGE,false,false,10,2022,41.845762946,-87.714825668
2025-12-31 12:39:00 UTC,THEFT,false,false,22,2025,41.678427129,-87.680739677
2022-10-04 10:00:00 UTC,THEFT,false,false,22,2022,41.731327391,-87.651998432
2025-04-03 20:05:00 UTC,CRIMINAL TRESPASS,true,false,24,2025,42.009269306,-87.675326876
2024-03-20 17:00:00 UTC,DECEPTIVE PRACTICE,false,false,8,2024,41.782432777,-87.714235716
2023-07-19 11:50:00 UTC,BATTERY,false,true,15,2023,41.886065157,-87.756497517
2021-10-04 11:13:00 UTC,OTHER OFFENSE,false,false,18,2021,41.889551923,-87.626649565
2025-07-28 05:00:00 UTC,THEFT,false,false,12,2025,41.882219372,-87.677546419
2022-04-22 14:00:00 UTC,CRIMINAL DAMAGE,false,false,11,2022,41.878645771,-87.72067032
2020-03-24 11:15:00 UTC,BURGLARY,true,false,11,2020,41.893598492,-87.719003201
2024-07-01 19:55:00 UTC,CRIMINAL DAMAGE,false,false,24,2024,42.015253856,-87.679077521
2022-09-25 19:00:00 UTC,ASSAULT,false,false,2,2022,41.829651528,-87.614451899
2021-02-05 09:00:00 UTC,DECEPTIVE PRACTICE,false,false,9,2021,41.811720354,-87.639423641
2022-05-05 00:00:00 UTC,ASSAULT,true,false,8,2022,41.79798376,-87.723298581
2020-09-10 18:51:00 UTC,PUBLIC PEACE VIOLATION,true,false,1,2020,41.88586711,-87.633935855
2020-12-09 17:00:00 UTC,OTHER OFFENSE,false,true,11,2020,41.871781022,-87.713763476
2025-04-17 15:35:00 UTC,BATTERY,true,true,2,2025,41.793731105,-87.624065316
2023-08-04 06:35:00 UTC,BATTERY,true,false,14,2023,41.930896787,-87.697587655
2025-04-04 10:00:00 UTC,CRIMINAL SEXUAL ASSAULT,false,true,11,2025,41.867099694,-87.723574471
2022-11-06 17:30:00 UTC,MOTOR VEHICLE THEFT,false,false,17,2022,41.965035965,-87.710816371
2025-09-10 07:35:00 UTC,THEFT,false,false,1,2025,41.883216931,-87.628673023
2024-05-10 11:46:00 UTC,OTHER OFFENSE,false,false,19,2024,41.928943607,-87.657355962
2020-04-21 20:00:00 UTC,OFFENSE INVOLVING CHILDREN,false,true,17,2020,41.944661591,-87.719230019
2025-01-22 10:00:00 UTC,ASSAULT,false,false,3,2025,41.764168667,-87.564614589
2025-10-16 11:00:00 UTC,DECEPTIVE PRACTICE,false,false,14,2025,41.927054562,-87.714610662
2024-02-05 08:00:00 UTC,OTHER OFFENSE,false,false,11,2024,41.877454917,-87.69450809
2020-10-22 19:19:00 UTC,BATTERY,false,true,17,2020,41.967065999,-87.715771703
2025-08-27 13:56:00 UTC,ROBBERY,false,false,24,2025,42.008546574,-87.695567734
2022-08-27 11:00:00 UTC,THEFT,false,false,11,2022,41.880658696,-87.731311277
2023-08-04 20:21:00 UTC,THEFT,false,false,18,2023,41.90885825,-87.646656908
2023-10-01 09:00:00 UTC,MOTOR VEHICLE THEFT,false,false,4,2023,41.697240974,-87.525481764
2022-09-15 00:39:00 UTC,BATTERY,false,false,3,2022,41.773462142,-87.575967187
2024-06-17 01:00:00 UTC,THEFT,false,false,15,2024,41.894907524,-87.758768643
2025-03-17 16:12:00 UTC,WEAPONS VIOLATION,true,false,1,2025,41.867013845,-87.625822134
2024-02-05 15:45:00 UTC,THEFT,false,false,22,2024,41.691841305,-87.676858536
2022-08-22 06:00:00 UTC,SEX OFFENSE,false,false,15,2022,41.902259639,-87.75499998
2022-05-09 23:00:00 UTC,MOTOR VEHICLE THEFT,false,false,25,2022,41.922746962,-87.800713727
2022-10-03 15:45:00 UTC,ASSAULT,false,false,12,2022,41.883118037,-87.649077191
2024-09-08 16:25:00 UTC,THEFT,false,false,19,2024,41.965450838,-87.65333731
2021-12-22 15:00:00 UTC,OTHER OFFENSE,false,true,6,2021,41.748988689,-87.632653153
2024-04-02 16:37:00 UTC,ASSAULT,false,false,3,2024,41.765188376,-87.581859691
2022-11-14 14:45:00 UTC,CRIMINAL DAMAGE,false,false,3,2022,41.783340761,-87.605993706
2021-05-01 22:30:00 UTC,BATTERY,false,false,12,2021,41.856825461,-87.67014137
2022-08-15 20:00:00 UTC,DECEPTIVE PRACTICE,false,false,11,2022,41.884664353,-87.745430612
2023-11-04 16:00:00 UTC,ASSAULT,false,false,10,2023,41.861732631,-87.71040971
2022-08-30 06:30:00 UTC,THEFT,false,false,19,2022,41.955162499,-87.670648547
2021-09-17 12:05:00 UTC,THEFT,false,false,4,2021,41.746763764,-87.592943425
2021-12-22 21:00:00 UTC,MOTOR VEHICLE THEFT,false,false,6,2021,41.754358409,-87.675679464
2022-01-30 22:15:00 UTC,BATTERY,false,false,11,2022,41.876949072,-87.736685059
2024-03-17 12:23:00 UTC,CRIMINAL DAMAGE,false,false,7,2024,41.79132071,-87.660875731
2025-01-20 08:00:00 UTC,BATTERY,false,false,24,2025,42.008855312,-87.681163131
2024-11-23 09:58:00 UTC,BATTERY,true,true,4,2024,41.756370227,-87.583428579
2025-08-16 07:20:00 UTC,THEFT,false,false,24,2025,41.999957909,-87.666229059
2022-07-11 17:00:00 UTC,CRIMINAL DAMAGE,false,false,22,2022,41.708238862,-87.636798397
2020-07-02 16:05:00 UTC,CRIMINAL DAMAGE,false,false,20,2020,41.974145845,-87.656355981
2020-08-09 23:30:00 UTC,ROBBERY,false,false,8,2020,41.75097171,-87.682871235
2021-12-20 09:35:00 UTC,MOTOR VEHICLE THEFT,false,false,17,2021,41.967007451,-87.724332515
2024-06-07 12:00:00 UTC,BATTERY,false,false,24,2024,42.019529832,-87.689363741
2022-03-18 17:50:00 UTC,THEFT,true,false,18,2022,41.891694878,-87.626155832
2022-09-24 16:30:00 UTC,ROBBERY,false,true,15,2022,41.876512415,-87.74513447
2024-06-14 23:20:00 UTC,BATTERY,false,false,11,2024,41.883632804,-87.73066274
2022-11-13 09:00:00 UTC,BURGLARY,false,false,9,2022,41.842168933,-87.654269868
2022-03-26 14:15:00 UTC,CRIMINAL DAMAGE,false,false,25,2022,41.909664252,-87.742728815
2022-10-23 12:43:00 UTC,THEFT,false,false,14,2022,41.910352215,-87.685087464
2022-06-26 17:05:00 UTC,BATTERY,false,false,24,2022,41.991141887,-87.660299473
2022-10-19 13:09:00 UTC,BATTERY,false,true,3,2022,41.760142627,-87.562133631
2020-01-09 12:20:00 UTC,BURGLARY,false,false,12,2020,41.890476599,-87.653446283
2020-05-31 14:00:00 UTC,PUBLIC PEACE VIOLATION,false,false,2,2020,41.831676098,-87.616975751
2022-04-30 20:35:00 UTC,WEAPONS VIOLATION,true,false,25,2022,41.91888954,-87.766523166
2020-10-26 15:44:00 UTC,MOTOR VEHICLE THEFT,false,false,20,2020,41.969209738,-87.679199562
2025-10-14 12:19:00 UTC,THEFT,false,false,24,2025,41.991376844,-87.656853941
2020-12-30 15:00:00 UTC,BATTERY,false,false,4,2020,41.722356683,-87.584175858
2023-01-04 01:15:00 UTC,CRIMINAL DAMAGE,false,false,6,2023,41.73871957,-87.637634278
2024-04-07 16:00:00 UTC,BATTERY,false,false,9,2024,41.816879144,-87.695690072
2020-12-06 11:02:00 UTC,NARCOTICS,true,false,12,2020,41.883930672,-87.696364205
2020-08-08 18:00:00 UTC,THEFT,false,false,18,2020,41.894949856,-87.62353785
2020-02-18 08:30:00 UTC,CRIMINAL DAMAGE,false,false,25,2020,41.936505043,-87.784663017
2024-10-17 23:00:00 UTC,MOTOR VEHICLE THEFT,false,false,25,2024,41.919731262,-87.716845614
2023-04-05 06:30:00 UTC,CRIMINAL DAMAGE,false,false,2,2023,41.810573599,-87.622870818
2023-04-05 23:51:00 UTC,ROBBERY,false,false,25,2023,41.912241248,-87.765612069
2023-08-12 08:52:00 UTC,THEFT,false,false,17,2023,41.953536247,-87.737430789
2023-06-17 08:00:00 UTC,CRIMINAL DAMAGE,false,false,6,2023,41.726256437,-87.614257614
2023-09-09 07:30:00 UTC,THEFT,false,true,8,2023,41.775554714,-87.687656486
2025-08-02 23:08:00 UTC,BATTERY,false,true,6,2025,41.748370098,-87.621310708
2024-02-18 15:29:00 UTC,DECEPTIVE PRACTICE,false,false,18,2024,41.903996883,-87.643230238
2025-01-01 20:00:00 UTC,MOTOR VEHICLE THEFT,false,false,1,2025,41.858643312,-87.6239505
2022-02-14 03:30:00 UTC,THEFT,false,false,5,2022,41.688303084,-87.628984563
2022-12-03 09:00:00 UTC,CRIMINAL DAMAGE,false,false,25,2022,41.921778585,-87.804348502
2020-05-30 14:15:00 UTC,THEFT,false,true,22,2020,41.735119333,-87.64726867
2025-04-30 17:02:00 UTC,THEFT,false,false,25,2025,41.928587046,-87.762523583
2021-05-14 22:47:00 UTC,CRIMINAL DAMAGE,false,false,20,2021,41.990039812,-87.659082497
2021-10-27 17:00:00 UTC,THEFT,false,false,2,2021,41.821592114,-87.618489619
2025-07-13 11:43:00 UTC,ASSAULT,false,false,12,2025,41.877385446,-87.64956062
2025-11-06 09:00:00 UTC,CRIMINAL SEXUAL ASSAULT,false,false,11,2025,41.880586939,-87.706110174
2023-08-28 04:29:00 UTC,ROBBERY,false,false,14,2023,41.910465849,-87.67851383
2024-07-14 20:23:00 UTC,WEAPONS VIOLATION,true,false,12,2024,41.864273052,-87.660181581
2022-01-02 23:00:00 UTC,CRIMINAL DAMAGE,true,false,19,2022,41.933496458,-87.656921998
2024-08-13 07:40:00 UTC,CRIMINAL TRESPASS,false,false,1,2024,41.877805859,-87.624307765
2022-10-09 17:00:00 UTC,OTHER OFFENSE,false,false,19,2022,41.928293352,-87.640344588
2025-11-27 12:00:00 UTC,BURGLARY,false,false,25,2025,41.93239812,-87.750376489
2023-08-05 23:19:00 UTC,CRIMINAL DAMAGE,false,true,25,2023,41.909685245,-87.800304316
2020-11-01 19:17:00 UTC,WEAPONS VIOLATION,true,false,10,2020,41.865699714,-87.717838565
2020-06-12 15:05:00 UTC,ASSAULT,false,false,25,2020,41.909882217,-87.726635552
2025-10-24 13:39:00 UTC,BATTERY,false,true,5,2025,41.671641702,-87.642921313
2022-08-16 09:00:00 UTC,THEFT,false,false,6,2022,41.742430029,-87.641295102
2022-03-17 04:08:00 UTC,THEFT,false,false,17,2022,41.966159515,-87.732146933
2021-10-22 23:15:00 UTC,ASSAULT,false,true,5,2021,41.656818764,-87.614159613
2020-07-01 10:53:00 UTC,NARCOTICS,true,false,11,2020,41.879774837,-87.724504199
2023-10-03 20:00:00 UTC,THEFT,false,false,14,2023,41.921098715,-87.694407322
2022-11-14 20:00:00 UTC,CRIMINAL DAMAGE,false,false,12,2022,41.854910842,-87.676981217
2023-10-04 10:30:00 UTC,BATTERY,false,false,6,2023,41.748465764,-87.668894176
2023-10-20 10:28:00 UTC,GAMBLING,true,false,6,2023,41.750700724,-87.60522257
2024-12-27 10:24:00 UTC,DECEPTIVE PRACTICE,false,false,5,2024,41.673208125,-87.657597037
2024-03-13 12:00:00 UTC,THEFT,false,false,19,2024,41.92607694,-87.639133868
2021-08-29 01:30:00 UTC,BATTERY,false,true,8,2021,41.780372883,-87.695864879
2021-01-05 13:55:00 UTC,ROBBERY,false,true,2,2021,41.803391597,-87.621061298
2024-09-23 19:06:00 UTC,NARCOTICS,true,false,8,2024,41.779109695,-87.693743588
2024-06-22 14:00:00 UTC,MOTOR VEHICLE THEFT,false,false,24,2024,41.997604423,-87.667824504
2025-05-05 19:16:00 UTC,WEAPONS VIOLATION,true,false,3,2025,41.765477771,-87.624369255
2020-01-10 16:31:00 UTC,CRIMINAL DAMAGE,false,false,8,2020,41.790754583,-87.739927261
2023-08-03 07:00:00 UTC,MOTOR VEHICLE THEFT,false,false,24,2023,42.015429473,-87.679075721
2023-03-17 13:00:00 UTC,ASSAULT,false,false,6,2023,41.737211261,-87.659454644
2020-02-03 15:22:00 UTC,NARCOTICS,true,false,6,2020,41.736277427,-87.62510451
2025-06-13 21:29:00 UTC,BATTERY,false,true,15,2025,41.880972429,-87.763211943
2022-06-18 20:00:00 UTC,THEFT,false,false,24,2022,42.016388521,-87.674510147
2022-06-16 22:05:00 UTC,THEFT,true,false,20,2022,41.968886417,-87.668300012
2020-08-02 12:20:00 UTC,CRIMINAL DAMAGE,false,true,15,2020,41.901247662,-87.759505242
2024-05-21 06:11:00 UTC,BATTERY,false,false,9,2024,41.83893231,-87.665779349
2023-09-10 22:00:00 UTC,THEFT,false,true,10,2023,41.855810178,-87.72727167
2020-09-02 12:00:00 UTC,MOTOR VEHICLE THEFT,false,true,6,2020,41.752190674,-87.66243505
2024-02-16 13:10:00 UTC,THEFT,false,false,4,2024,41.726169296,-87.571353967
2024-09-16 02:00:00 UTC,THEFT,false,false,5,2024,41.710148922,-87.616275677
2021-02-05 19:00:00 UTC,CRIMINAL DAMAGE,false,false,6,2021,41.75343775,-87.647755293
2024-05-10 20:00:00 UTC,MOTOR VEHICLE THEFT,false,false,19,2024,41.968129952,-87.662799521
2022-05-11 21:30:00 UTC,MOTOR VEHICLE THEFT,false,false,10,2022,41.858740672,-87.733998407
2025-07-23 21:21:00 UTC,OTHER OFFENSE,false,false,25,2025,41.91024455,-87.739780733
2025-02-27 10:51:00 UTC,THEFT,false,true,2,2025,41.817893778,-87.623065054
2022-04-24 16:00:00 UTC,WEAPONS VIOLATION,true,false,4,2022,41.736422223,-87.588119633
2021-08-21 18:30:00 UTC,CRIMINAL DAMAGE,false,false,18,2021,41.889946527,-87.63688824
2025-08-05 21:00:00 UTC,MOTOR VEHICLE THEFT,false,false,4,2025,41.741974788,-87.560005978
2024-06-09 23:00:00 UTC,THEFT,false,false,22,2024,41.686200942,-87.653133746
2025-05-02 06:44:00 UTC,THEFT,false,false,12,2025,41.872034984,-87.683738094
2023-11-01 10:00:00 UTC,MOTOR VEHICLE THEFT,false,false,8,2023,41.780592853,-87.686124717
2020-05-21 17:00:00 UTC,THEFT,false,false,6,2020,41.746832535,-87.655209507
2025-10-30 20:30:00 UTC,BATTERY,false,false,10,2025,41.83971648,-87.724425338
2020-08-03 06:00:00 UTC,THEFT,false,false,19,2020,41.960993489,-87.667723957
2024-03-04 12:00:00 UTC,DECEPTIVE PRACTICE,false,false,10,2024,41.843454111,-87.711100837
2023-06-14 13:30:00 UTC,ROBBERY,false,false,25,2023,41.907939464,-87.731359945
2022-09-15 12:00:00 UTC,THEFT,false,false,14,2022,41.907287914,-87.715128521
2021-09-04 01:08:00 UTC,THEFT,false,false,14,2021,41.917656022,-87.688750258
2021-06-28 09:00:00 UTC,DECEPTIVE PRACTICE,false,false,5,2021,41.679701468,-87.635590702
2021-08-11 12:38:00 UTC,CRIMINAL TRESPASS,false,false,10,2021,41.863873951,-87.708032037
2022-09-14 00:31:00 UTC,BATTERY,false,false,11,2022,41.871054822,-87.696888584
2025-07-21 19:40:00 UTC,OTHER OFFENSE,false,false,19,2025,41.948677486,-87.646755398
2021-09-12 00:59:00 UTC,BATTERY,false,true,5,2021,41.677275095,-87.62387392
2025-03-22 01:00:00 UTC,CRIMINAL DAMAGE,false,false,16,2025,41.987572467,-87.822195516
2024-02-29 16:50:00 UTC,BURGLARY,false,false,22,2024,41.690155989,-87.636264911
2023-08-05 12:00:00 UTC,DECEPTIVE PRACTICE,false,false,22,2023,41.715075723,-87.674622332
2020-06-08 10:30:00 UTC,OTHER OFFENSE,false,true,6,2020,41.750383601,-87.61369157
2021-08-13 12:30:00 UTC,BATTERY,false,false,12,2021,41.90269612,-87.673579053
2020-01-12 13:38:00 UTC,DECEPTIVE PRACTICE,false,false,25,2020,41.909921897,-87.723247929
2025-05-20 22:30:00 UTC,MOTOR VEHICLE THEFT,false,false,24,2025,41.991723257,-87.66823523
2025-12-22 13:00:00 UTC,CRIMINAL TRESPASS,false,true,15,2025,41.894027919,-87.749234345
2023-09-13 09:17:00 UTC,CRIMINAL TRESPASS,false,false,8,2023,41.771389725,-87.683427501
2023-07-09 22:30:00 UTC,BATTERY,false,true,8,2023,41.778412025,-87.692155686
2020-02-01 05:00:00 UTC,ASSAULT,false,true,10,2020,41.851065144,-87.711320715
2021-03-21 19:03:00 UTC,BATTERY,false,true,24,2021,42.019371503,-87.671181992
2024-10-18 08:31:00 UTC,THEFT,false,false,14,2024,41.904947751,-87.680539224
2023-06-30 00:00:00 UTC,MOTOR VEHICLE THEFT,false,false,2,2023,41.792174817,-87.624020134
2025-12-31 14:00:00 UTC,MOTOR VEHICLE THEFT,false,false,12,2025,41.888600534,-87.652224845
2020-01-13 18:34:00 UTC,NARCOTICS,true,false,11,2020,41.879661866,-87.733806626
2020-05-08 03:05:00 UTC,ASSAULT,true,false,9,2020,41.823628586,-87.632779182
2025-07-23 02:00:00 UTC,CRIMINAL DAMAGE,false,false,24,2025,41.995478103,-87.686137239
2024-08-31 12:50:00 UTC,BATTERY,false,false,25,2024,41.920137482,-87.726648649
2020-06-07 14:30:00 UTC,CRIMINAL DAMAGE,false,true,5,2020,41.694148281,-87.623150288
2024-11-12 04:57:00 UTC,MOTOR VEHICLE THEFT,false,false,10,2024,41.849991763,-87.671959056
2023-06-14 04:00:00 UTC,THEFT,false,false,8,2023,41.778531963,-87.679835753
2020-09-05 04:00:00 UTC,OTHER OFFENSE,false,false,15,2020,41.887888334,-87.770524924
2024-06-04 15:00:00 UTC,OTHER OFFENSE,false,true,9,2024,41.833382135,-87.643732453
2023-11-08 05:00:00 UTC,MOTOR VEHICLE THEFT,false,false,8,2023,41.782153386,-87.703227906
2023-07-22 13:21:00 UTC,BATTERY,false,true,25,2023,41.907587857,-87.764117705
2022-12-27 22:04:00 UTC,MOTOR VEHICLE THEFT,false,false,19,2022,41.959800643,-87.682718777
2021-07-28 05:00:00 UTC,MOTOR VEHICLE THEFT,false,false,5,2021,41.710704559,-87.632497724
2020-11-08 17:30:00 UTC,CRIMINAL DAMAGE,false,true,22,2020,41.712222382,-87.6356896
2022-03-06 21:10:00 UTC,BATTERY,true,false,14,2022,41.922564008,-87.697350698
2022-08-01 12:15:00 UTC,THEFT,false,false,8,2022,41.742267488,-87.702192623
2023-06-18 22:00:00 UTC,MOTOR VEHICLE THEFT,false,false,8,2023,41.768997279,-87.726172298
2020-07-02 17:00:00 UTC,THEFT,false,false,9,2020,41.822860928,-87.690633793
2024-07-08 02:18:00 UTC,WEAPONS VIOLATION,false,false,5,2024,41.699404928,-87.612334124
2021-07-04 15:00:00 UTC,BATTERY,false,false,20,2021,41.977094683,-87.6598884
2022-05-25 03:30:00 UTC,CRIMINAL DAMAGE,false,false,16,2022,41.97584897,-87.748012884
2021-10-18 17:55:00 UTC,CRIMINAL DAMAGE,false,false,6,2021,41.75339121,-87.657035207
2022-03-25 13:18:00 UTC,BATTERY,false,true,15,2022,41.88281685,-87.766596053
2022-08-12 17:45:00 UTC,ASSAULT,false,true,6,2022,41.746299024,-87.628127486
2024-02-25 14:02:00 UTC,WEAPONS VIOLATION,true,false,2,2024,41.809160622,-87.630956102
2022-12-05 20:43:00 UTC,ROBBERY,false,false,12,2022,41.870900122,-87.684931829
2021-03-31 09:00:00 UTC,BURGLARY,false,false,15,2021,41.879336781,-87.758243504
2025-04-07 07:12:00 UTC,ASSAULT,false,false,15,2025,41.865541907,-87.768294247
2020-02-20 14:20:00 UTC,WEAPONS VIOLATION,true,false,10,2020,41.860404221,-87.71037488
2023-02-17 16:30:00 UTC,THEFT,false,false,17,2023,41.958199076,-87.716721317
2021-09-11 15:00:00 UTC,CRIMINAL DAMAGE,false,false,14,2021,41.925468731,-87.712130867
2023-10-12 10:30:00 UTC,BATTERY,false,false,3,2023,41.768924366,-87.582853494
2025-12-01 11:30:00 UTC,DECEPTIVE PRACTICE,false,false,1,2025,41.86975858,-87.624121338
2021-05-29 01:18:00 UTC,BATTERY,false,false,3,2021,41.765387288,-87.599470263
2023-02-13 01:25:00 UTC,THEFT,false,true,2,2023,41.821626323,-87.604716779
2024-06-19 14:39:00 UTC,ASSAULT,false,false,6,2024,41.744314413,-87.665716022
2023-01-23 19:33:00 UTC,CRIMINAL DAMAGE,false,false,18,2023,41.925520602,-87.644725431
2025-06-29 11:40:00 UTC,THEFT,true,true,6,2025,41.754860757,-87.664767467
2023-08-27 00:31:00 UTC,WEAPONS VIOLATION,true,false,10,2023,41.859903508,-87.724986405
2024-04-16 00:30:00 UTC,THEFT,false,false,25,2024,41.929893779,-87.769843464
2025-12-13 22:14:00 UTC,THEFT,false,false,17,2025,41.946648722,-87.702084879
2025-07-07 15:00:00 UTC,DECEPTIVE PRACTICE,false,false,1,2025,41.881847601,-87.641772074
2024-05-29 00:00:00 UTC,CRIMINAL TRESPASS,false,false,17,2024,41.970163724,-87.718749784
2024-08-05 22:00:00 UTC,MOTOR VEHICLE THEFT,false,false,12,2024,41.89138477,-87.648797987
2023-06-29 03:12:00 UTC,CRIMINAL DAMAGE,false,false,7,2023,41.76247456,-87.675897154
2023-01-19 23:00:00 UTC,THEFT,false,false,19,2023,41.939183406,-87.658945897
2024-09-01 10:11:00 UTC,BATTERY,false,true,7,2024,41.777067859,-87.66292374
2020-10-11 10:00:00 UTC,BATTERY,false,true,15,2020,41.883459712,-87.755176895
2021-12-09 16:56:00 UTC,OTHER OFFENSE,false,true,3,2021,41.770944848,-87.588017121
2021-05-08 19:00:00 UTC,DECEPTIVE PRACTICE,false,false,25,2021,41.923619797,-87.792530495
2021-01-25 11:38:00 UTC,OTHER OFFENSE,false,true,8,2021,41.807018302,-87.722332579
2024-06-28 05:30:00 UTC,THEFT,false,false,22,2024,41.73546237,-87.643601182
2023-08-08 00:00:00 UTC,OTHER OFFENSE,false,false,25,2023,41.925046689,-87.756969638
2025-05-12 08:30:00 UTC,ASSAULT,false,false,17,2025,41.959921633,-87.715550235
2024-04-15 22:54:00 UTC,BATTERY,false,true,4,2024,41.665460908,-87.558049296
2022-10-31 16:00:00 UTC,THEFT,false,false,3,2022,41.776463414,-87.591802702
2023-04-14 16:00:00 UTC,THEFT,false,false,1,2023,41.881465939,-87.627752187
2022-12-08 15:27:00 UTC,CRIMINAL DAMAGE,false,false,15,2022,41.886152911,-87.771990771
2020-01-07 08:00:00 UTC,THEFT,false,false,14,2020,41.928429696,-87.701558955
2024-07-21 01:00:00 UTC,THEFT,false,false,19,2024,41.94670237,-87.656117076
2020-08-03 14:17:00 UTC,WEAPONS VIOLATION,true,false,6,2020,41.7311603,-87.605937867
2021-11-02 10:00:00 UTC,THEFT,false,false,4,2021,41.726323185,-87.55906907
2022-02-20 02:39:00 UTC,BATTERY,false,true,1,2022,41.885888079,-87.627942238
2020-07-09 14:50:00 UTC,BATTERY,false,true,2,2020,41.792043078,-87.624017919
2023-03-28 17:30:00 UTC,THEFT,false,false,18,2023,41.893842714,-87.62422959
2020-04-04 04:02:00 UTC,BATTERY,false,true,3,2020,41.760398662,-87.562255184
2023-10-08 15:30:00 UTC,ROBBERY,false,false,11,2023,41.898725946,-87.744376017
2024-05-13 00:00:00 UTC,THEFT,false,false,8,2024,41.74922201,-87.681140874
2021-09-24 01:20:00 UTC,ASSAULT,false,false,17,2021,41.975426457,-87.738421979
2024-08-04 17:00:00 UTC,ASSAULT,false,false,9,2024,41.838252952,-87.630561004
2024-04-25 13:15:00 UTC,ASSAULT,false,false,3,2024,41.78131246,-87.605950633
2020-01-05 18:55:00 UTC,BATTERY,false,true,4,2020,41.728301963,-87.546564033
2022-09-04 19:35:00 UTC,OBSCENITY,false,true,11,2022,41.872949416,-87.689203314
2025-01-05 09:20:00 UTC,BATTERY,false,true,5,2025,41.673483652,-87.628534878
2021-04-05 21:00:00 UTC,CRIMINAL DAMAGE,false,false,25,2021,41.933977656,-87.744239246
2024-08-21 20:08:00 UTC,BATTERY,false,true,6,2024,41.751201471,-87.670731314
2025-10-12 15:01:00 UTC,THEFT,false,false,1,2025,41.879381337,-87.634201201
2025-11-03 07:00:00 UTC,THEFT,false,false,9,2025,41.79411248,-87.701134176
2022-05-02 15:30:00 UTC,CRIMINAL DAMAGE,false,false,9,2022,41.824653769,-87.632136953
2021-12-02 16:15:00 UTC,THEFT,false,false,18,2021,41.908374097,-87.628796854
2020-07-10 06:13:00 UTC,ASSAULT,false,false,18,2020,41.903775756,-87.639324074
2022-10-08 09:00:00 UTC,OTHER OFFENSE,false,true,2,2022,41.815975231,-87.623016552
2020-01-24 12:44:00 UTC,OTHER OFFENSE,false,false,9,2020,41.82654238,-87.639913023
2023-04-25 05:05:00 UTC,THEFT,false,false,8,2023,41.744957186,-87.719978845
2024-10-16 07:26:00 UTC,BATTERY,false,false,10,2024,41.852191819,-87.674678252
2022-06-22 09:00:00 UTC,OTHER OFFENSE,false,true,19,2022,41.926224659,-87.64087409
2023-05-17 10:30:00 UTC,BURGLARY,false,false,5,2023,41.667846654,-87.634357203
2020-05-31 00:20:00 UTC,PUBLIC PEACE VIOLATION,false,false,2,2020,41.809305232,-87.606558389
2025-04-09 00:00:00 UTC,OFFENSE INVOLVING CHILDREN,false,true,16,2025,41.963032724,-87.777107506
2021-03-18 18:05:00 UTC,CRIMINAL DAMAGE,false,false,6,2021,41.749079333,-87.627287178
2023-10-26 18:14:00 UTC,ASSAULT,false,true,6,2023,41.742433955,-87.674166908
2024-01-28 10:00:00 UTC,OFFENSE INVOLVING CHILDREN,false,false,5,2024,41.691578454,-87.631453192
2023-12-25 17:20:00 UTC,THEFT,false,false,16,2023,41.989766023,-87.77751855
2020-08-22 07:20:00 UTC,THEFT,false,false,1,2020,41.878229908,-87.626766976
2021-10-13 22:30:00 UTC,CRIMINAL DAMAGE,false,false,2,2021,41.812362284,-87.619678046
2023-04-18 21:00:00 UTC,MOTOR VEHICLE THEFT,false,false,3,2023,41.767587038,-87.569812006
2021-01-04 17:00:00 UTC,THEFT,false,false,9,2021,41.813073727,-87.68945509
2021-01-12 09:30:00 UTC,THEFT,false,false,18,2021,41.891037284,-87.618343879
2024-03-21 00:30:00 UTC,MOTOR VEHICLE THEFT,false,false,15,2024,41.893343566,-87.750650957
2025-01-22 23:44:00 UTC,BATTERY,true,false,22,2025,41.735893258,-87.63904972
2024-06-07 00:58:00 UTC,THEFT,false,true,7,2024,41.762949843,-87.676947938
2023-03-23 10:25:00 UTC,ASSAULT,false,false,12,2023,41.884185797,-87.653740666
2024-02-22 00:00:00 UTC,BATTERY,false,false,6,2024,41.754805333,-87.670833516
2020-04-17 19:40:00 UTC,ASSAULT,false,false,6,2020,41.729973529,-87.602716366
2025-07-10 10:00:00 UTC,MOTOR VEHICLE THEFT,false,false,16,2025,41.977848233,-87.84646896
2025-08-06 11:00:00 UTC,THEFT,false,false,4,2025,41.754768591,-87.576055062
2023-01-03 14:16:00 UTC,THEFT,false,false,12,2023,41.88660302,-87.661592479
2020-08-29 01:26:00 UTC,WEAPONS VIOLATION,true,false,7,2020,41.760364943,-87.672202118
2022-05-31 17:00:00 UTC,THEFT,false,false,25,2022,41.909690217,-87.740843921
2021-11-02 18:00:00 UTC,BATTERY,false,true,19,2021,41.93237997,-87.670164111
2022-03-03 12:00:00 UTC,BATTERY,false,false,8,2022,41.771117937,-87.693185122
2024-03-17 22:41:00 UTC,BATTERY,true,true,7,2024,41.780649312,-87.660602263
2023-05-26 17:49:00 UTC,NARCOTICS,true,false,11,2023,41.877039505,-87.729311002
2021-03-25 12:50:00 UTC,DECEPTIVE PRACTICE,false,false,17,2021,41.940998493,-87.72033844
2022-05-15 18:00:00 UTC,THEFT,false,false,22,2022,41.701835955,-87.669180355
2022-05-11 18:43:00 UTC,BATTERY,false,false,25,2022,41.917467509,-87.75595394
2022-04-19 08:00:00 UTC,THEFT,false,false,9,2022,41.838982099,-87.646299864
2021-07-30 19:45:00 UTC,THEFT,false,false,1,2021,41.873192061,-87.62197216
2025-11-22 03:00:00 UTC,THEFT,false,false,6,2025,41.7505606,-87.649409369
2022-08-26 04:20:00 UTC,THEFT,false,false,14,2022,41.913422348,-87.680610857
2024-05-22 03:07:00 UTC,BATTERY,false,false,7,2024,41.761498486,-87.663697936
2023-02-20 11:55:00 UTC,THEFT,false,false,3,2023,41.775934913,-87.613120039
2021-06-24 20:35:00 UTC,CRIMINAL DAMAGE,false,false,5,2021,41.692534384,-87.609913783
2022-04-21 10:30:00 UTC,DECEPTIVE PRACTICE,false,false,18,2022,41.922713143,-87.6474564
2024-08-05 21:00:00 UTC,BATTERY,false,false,9,2024,41.820268113,-87.694170639
2022-09-21 12:15:00 UTC,DECEPTIVE PRACTICE,false,false,19,2022,41.956854765,-87.684906845
2022-07-26 11:00:00 UTC,THEFT,false,false,10,2022,41.845717329,-87.709941168
2025-06-11 16:00:00 UTC,BATTERY,false,false,2,2025,41.796214376,-87.582560866
2022-12-05 13:30:00 UTC,ASSAULT,false,true,18,2022,41.922697948,-87.644917462
2025-01-04 11:20:00 UTC,ASSAULT,false,true,11,2025,41.870771699,-87.721031898
2023-01-20 23:37:00 UTC,ASSAULT,false,false,25,2023,41.923878961,-87.756138663
2023-04-17 19:07:00 UTC,OTHER OFFENSE,false,false,1,2023,41.881484024,-87.637009521
2024-08-10 20:35:00 UTC,CRIMINAL DAMAGE,true,false,8,2024,41.779247348,-87.684037439
2023-11-19 01:08:00 UTC,MOTOR VEHICLE THEFT,false,false,6,2023,41.735963952,-87.651311917
2020-03-26 12:00:00 UTC,OFFENSE INVOLVING CHILDREN,true,true,7,2020,41.789883494,-87.653549546
2024-10-24 16:30:00 UTC,CRIMINAL TRESPASS,false,false,3,2024,41.775673048,-87.586294296
2024-07-05 13:00:00 UTC,DECEPTIVE PRACTICE,false,false,10,2024,41.854532623,-87.722332049
2022-08-01 10:20:00 UTC,CRIMINAL DAMAGE,false,true,2,2022,41.831063762,-87.621330678
2020-12-19 16:50:00 UTC,CRIMINAL DAMAGE,false,false,11,2020,41.890478932,-87.718610734
2025-07-16 11:30:00 UTC,THEFT,false,false,18,2025,41.9251405,-87.63585519
2025-01-27 12:46:00 UTC,THEFT,false,false,9,2025,41.83213331,-87.643701825
2025-11-17 12:00:00 UTC,BATTERY,false,true,3,2025,41.766161865,-87.562692028
2025-10-29 17:00:00 UTC,THEFT,false,false,1,2025,41.885702079,-87.642031644
2025-10-07 03:30:00 UTC,CRIMINAL DAMAGE,false,false,4,2025,41.660345425,-87.549547272
2020-05-04 16:27:00 UTC,BURGLARY,false,false,11,2020,41.898144958,-87.712741022
2025-06-17 18:17:00 UTC,THEFT,false,false,25,2025,41.935266188,-87.807871897
2022-04-12 06:30:00 UTC,BATTERY,false,false,8,2022,41.778253469,-87.700681358
2021-12-25 02:00:00 UTC,CRIMINAL DAMAGE,false,false,10,2021,41.841832911,-87.706176852
2022-01-25 08:50:00 UTC,BATTERY,false,true,10,2022,41.849222028,-87.69155551
2022-11-30 12:07:00 UTC,ASSAULT,true,false,19,2022,41.927828142,-87.658532658
2020-04-15 22:45:00 UTC,CRIMINAL DAMAGE,false,false,9,2020,41.802049517,-87.682560293
2025-10-13 16:20:00 UTC,BATTERY,false,false,20,2025,41.979649551,-87.680799226
2024-11-12 09:21:00 UTC,OTHER OFFENSE,false,true,5,2024,41.682500489,-87.656668814
2023-03-09 21:00:00 UTC,THEFT,false,false,12,2023,41.887268044,-87.653355439
2025-04-29 16:14:00 UTC,NARCOTICS,true,false,6,2025,41.736058434,-87.629661106
2020-10-29 08:12:00 UTC,CRIMINAL DAMAGE,true,false,11,2020,41.876860431,-87.725537965
2022-05-18 09:40:00 UTC,DECEPTIVE PRACTICE,false,false,1,2022,41.886039903,-87.624521539
2023-01-31 13:21:00 UTC,BATTERY,false,true,7,2023,41.765350628,-87.63497505
2021-03-30 22:00:00 UTC,THEFT,false,false,12,2021,41.886967795,-87.662495761
2024-10-29 15:00:00 UTC,THEFT,false,false,2,2024,41.808373256,-87.621189516
2020-11-09 09:00:00 UTC,DECEPTIVE PRACTICE,false,false,8,2020,41.742590271,-87.696531865
2022-11-14 19:23:00 UTC,THEFT,false,false,18,2022,41.891465732,-87.624153044
2024-12-25 20:56:00 UTC,BATTERY,false,true,4,2024,41.751202373,-87.554097638
2020-05-21 18:05:00 UTC,BATTERY,true,true,12,2020,41.866097286,-87.66006332
2025-11-29 01:30:00 UTC,ASSAULT,false,false,2,2025,41.81399709,-87.626207828
2025-04-07 09:30:00 UTC,SEX OFFENSE,true,false,19,2025,41.953480143,-87.688451919
2024-01-17 17:45:00 UTC,THEFT,false,false,12,2024,41.896570448,-87.667306121
2022-05-09 00:19:00 UTC,BATTERY,true,false,8,2022,41.808745513,-87.750526891
2022-12-01 02:00:00 UTC,MOTOR VEHICLE THEFT,false,false,12,2022,41.858335083,-87.640894842
2025-03-26 17:39:00 UTC,WEAPONS VIOLATION,false,false,3,2025,41.763980792,-87.566478882
2020-07-25 00:00:00 UTC,MOTOR VEHICLE THEFT,true,false,14,2020,41.914790533,-87.68427467
2024-12-26 20:58:00 UTC,CONCEALED CARRY LICENSE VIOLATION,true,false,11,2024,41.874916484,-87.735275635
2025-12-28 23:59:00 UTC,THEFT,false,false,4,2025,41.709247535,-87.537699169
2023-03-07 12:00:00 UTC,CRIMINAL DAMAGE,false,false,2,2023,41.814162811,-87.603994347
2025-10-24 10:30:00 UTC,THEFT,false,false,22,2025,41.722559211,-87.639599884
2020-12-21 10:20:00 UTC,NARCOTICS,true,false,11,2020,41.895476966,-87.71466578
2022-08-12 07:00:00 UTC,MOTOR VEHICLE THEFT,false,false,7,2022,41.781249994,-87.637512059
2022-12-14 20:00:00 UTC,MOTOR VEHICLE THEFT,false,false,1,2022,41.887872453,-87.619550708
2024-05-06 13:00:00 UTC,DECEPTIVE PRACTICE,false,false,4,2024,41.660430564,-87.550764877
2025-10-25 11:25:00 UTC,THEFT,false,false,15,2025,41.883127093,-87.764959151
2023-08-12 23:30:00 UTC,ROBBERY,false,false,9,2023,41.801355133,-87.645341277
2022-09-26 16:00:00 UTC,THEFT,false,false,25,2022,41.916081775,-87.735067816
2020-09-13 16:11:00 UTC,HOMICIDE,false,false,20,2020,41.973308003,-87.655280009
2024-06-26 18:24:00 UTC,THEFT,false,false,25,2024,41.909588772,-87.748894125
2020-08-21 12:30:00 UTC,DECEPTIVE PRACTICE,false,false,1,2020,41.884769738,-87.615751308
2024-11-16 19:03:00 UTC,CRIMINAL DAMAGE,false,true,20,2024,41.985322251,-87.669865064
2025-10-31 22:30:00 UTC,ASSAULT,false,true,2,2025,41.828762287,-87.614436164
2020-10-30 22:09:00 UTC,THEFT,false,false,6,2020,41.721895856,-87.613841024
2020-05-22 08:00:00 UTC,KIDNAPPING,true,true,7,2020,41.772038098,-87.676796636
2024-07-05 08:10:00 UTC,BATTERY,true,false,11,2024,41.8788547,-87.726943813
2025-04-12 10:50:00 UTC,THEFT,false,false,2,2025,41.794406612,-87.583931489
2024-10-28 21:30:00 UTC,THEFT,false,false,14,2024,41.903166488,-87.678566378
2021-01-21 16:37:00 UTC,DECEPTIVE PRACTICE,false,false,12,2021,41.857114547,-87.661802053
2024-06-24 01:59:00 UTC,WEAPONS VIOLATION,false,false,8,2024,41.76210704,-87.695407931
2024-02-13 03:00:00 UTC,CRIMINAL DAMAGE,false,false,2,2024,41.82265974,-87.615865557
2025-08-07 09:00:00 UTC,THEFT,false,false,20,2025,41.974145845,-87.656355981
2023-07-01 12:00:00 UTC,THEFT,false,false,17,2023,41.968248104,-87.747589731
2023-09-25 19:00:00 UTC,THEFT,false,false,2,2023,41.803391597,-87.621061298
2023-07-17 19:00:00 UTC,CRIMINAL DAMAGE,false,false,17,2023,41.965859163,-87.723071204
2022-12-26 05:31:00 UTC,THEFT,false,false,24,2022,42.005529707,-87.661711547
2022-04-23 17:08:00 UTC,BATTERY,false,false,11,2022,41.883972727,-87.717149093
2021-06-11 21:00:00 UTC,CRIMINAL DAMAGE,false,false,19,2021,41.963147421,-87.687861744
2024-01-14 21:50:00 UTC,CRIMINAL DAMAGE,false,false,3,2024,41.76916785,-87.566530745
2022-01-09 15:30:00 UTC,ROBBERY,false,false,4,2022,41.732712463,-87.575614429
2024-04-24 23:00:00 UTC,MOTOR VEHICLE THEFT,false,false,12,2024,41.885912148,-87.653314731
2024-11-29 16:25:00 UTC,THEFT,false,false,1,2024,41.881582612,-87.626197575
2025-11-16 10:30:00 UTC,BATTERY,true,true,4,2025,41.750602485,-87.589458168
2024-01-13 00:20:00 UTC,CRIMINAL DAMAGE,false,true,15,2024,41.883651857,-87.755186179
2022-07-04 09:13:00 UTC,ASSAULT,false,false,12,2022,41.858389699,-87.660705812
2024-05-20 13:00:00 UTC,THEFT,false,false,11,2024,41.872638404,-87.716530977
2025-12-03 18:08:00 UTC,DECEPTIVE PRACTICE,false,false,6,2025,41.735432271,-87.601471085
2020-09-12 17:46:00 UTC,THEFT,true,false,18,2020,41.897895128,-87.624096605
2024-08-04 08:30:00 UTC,THEFT,false,false,3,2024,41.774146678,-87.615478975
2024-12-16 08:30:00 UTC,THEFT,false,false,1,2024,41.878638996,-87.627691486
2020-11-17 16:00:00 UTC,CRIMINAL DAMAGE,false,false,11,2020,41.877969941,-87.726214111
2024-08-05 07:00:00 UTC,DECEPTIVE PRACTICE,false,false,5,2024,41.673394993,-87.636950906
2022-03-08 13:20:00 UTC,ROBBERY,false,false,14,2022,41.917980381,-87.697212498
2024-10-27 19:45:00 UTC,ASSAULT,false,true,11,2024,41.87703964,-87.729336704
2025-04-27 04:05:00 UTC,BATTERY,true,false,10,2025,41.865393661,-87.722709581
2022-09-30 04:25:00 UTC,BURGLARY,false,false,16,2022,41.985037122,-87.769508273
2021-11-18 02:23:00 UTC,CRIMINAL TRESPASS,false,false,19,2021,41.96538061,-87.659110921
2025-03-29 04:15:00 UTC,MOTOR VEHICLE THEFT,false,false,10,2025,41.850886529,-87.705225874
2021-01-03 13:23:00 UTC,BATTERY,false,true,7,2021,41.766435144,-87.635963997
2022-08-21 12:14:00 UTC,THEFT,false,false,5,2022,41.695982095,-87.596653142
2021-12-19 22:30:00 UTC,THEFT,false,false,5,2021,41.717410968,-87.593423281
2021-10-22 09:00:00 UTC,OTHER OFFENSE,false,false,15,2021,41.880383764,-87.754158071
2022-06-06 18:45:00 UTC,THEFT,true,false,11,2022,41.885487535,-87.726422045
2023-09-05 04:09:00 UTC,ROBBERY,false,false,12,2023,41.852315746,-87.666667947
2025-06-03 19:45:00 UTC,OFFENSE INVOLVING CHILDREN,false,true,7,2025,41.758672695,-87.654952925
2022-07-17 00:00:00 UTC,OTHER OFFENSE,false,true,12,2022,41.88471841,-87.696389432
2025-02-25 21:15:00 UTC,BATTERY,false,true,16,2025,41.949670089,-87.755229652
2020-02-23 20:25:00 UTC,NARCOTICS,true,false,25,2020,41.904388451,-87.731889224
2023-08-24 18:00:00 UTC,BURGLARY,false,false,7,2023,41.784376926,-87.638614903
2025-08-10 10:00:00 UTC,MOTOR VEHICLE THEFT,false,false,22,2025,41.730411238,-87.65718471
2022-03-26 02:21:00 UTC,MOTOR VEHICLE THEFT,false,false,5,2022,41.71287883,-87.607858094
2025-07-07 17:11:00 UTC,THEFT,false,false,2,2025,41.802101704,-87.587747851
2021-03-16 17:20:00 UTC,CRIMINAL DAMAGE,false,false,4,2021,41.702761718,-87.563746167
2023-03-13 23:00:00 UTC,MOTOR VEHICLE THEFT,false,false,6,2023,41.748547253,-87.631818764
2020-05-19 22:52:00 UTC,NARCOTICS,true,false,25,2020,41.911974102,-87.764310193
2025-04-01 01:00:00 UTC,MOTOR VEHICLE THEFT,false,false,2,2025,41.826730857,-87.623150834
2020-06-10 03:00:00 UTC,BATTERY,true,true,6,2020,41.745987489,-87.666970249
2021-12-03 12:15:00 UTC,BATTERY,false,false,15,2021,41.891591889,-87.765269754
2023-02-01 11:18:00 UTC,OFFENSE INVOLVING CHILDREN,false,false,9,2023,41.797286045,-87.659812184
2022-06-10 07:32:00 UTC,BATTERY,false,true,3,2022,41.781435962,-87.620398718
2021-09-21 16:00:00 UTC,THEFT,false,false,15,2021,41.890463022,-87.747055864
2024-05-17 23:00:00 UTC,BATTERY,false,true,3,2024,41.787398367,-87.577746575
2022-07-31 14:25:00 UTC,BATTERY,false,true,12,2022,41.859794582,-87.654612034
2024-06-10 15:00:00 UTC,THEFT,false,false,4,2024,41.731299213,-87.552667638
2022-07-06 22:05:00 UTC,BATTERY,true,true,9,2022,41.798725711,-87.685388513
2025-12-04 13:44:00 UTC,CRIMINAL DAMAGE,true,false,11,2025,41.873699424,-87.704705156
2021-09-27 00:00:00 UTC,LIQUOR LAW VIOLATION,true,false,12,2021,41.847528336,-87.665950577
2021-04-25 12:00:00 UTC,THEFT,false,false,15,2021,41.874807994,-87.7580895
2024-11-26 11:36:00 UTC,THEFT,false,false,24,2024,42.016465687,-87.680813065
2025-07-17 13:28:00 UTC,DECEPTIVE PRACTICE,false,false,19,2025,41.938277612,-87.658911335
2024-01-31 21:39:00 UTC,CRIMINAL TRESPASS,false,false,18,2024,41.892416949,-87.632028008
2025-12-17 15:49:00 UTC,MOTOR VEHICLE THEFT,false,false,6,2025,41.748427219,-87.612427155
2021-05-11 02:00:00 UTC,CRIMINAL DAMAGE,false,false,14,2021,41.918356805,-87.689907955
2025-08-09 15:00:00 UTC,BURGLARY,false,false,5,2025,41.719359422,-87.594701266
2025-04-27 00:00:00 UTC,ASSAULT,false,false,11,2025,41.901640138,-87.723830018
2025-07-09 00:35:00 UTC,BATTERY,false,false,2,2025,41.837261532,-87.607930197
2020-01-28 08:00:00 UTC,DECEPTIVE PRACTICE,false,false,12,2020,41.861559271,-87.65976218
2020-08-04 18:30:00 UTC,CRIMINAL DAMAGE,false,false,8,2020,41.808755095,-87.739537419
2024-04-08 19:45:00 UTC,THEFT,false,false,17,2024,41.96106725,-87.718344521
2025-10-21 06:00:00 UTC,THEFT,false,false,25,2025,41.935257853,-87.806651778
2023-12-08 11:08:00 UTC,THEFT,false,true,2,2023,41.810788929,-87.609013933
2020-02-10 17:30:00 UTC,MOTOR VEHICLE THEFT,false,false,2,2020,41.817487562,-87.623054868
2023-06-11 16:42:00 UTC,BATTERY,true,false,9,2023,41.803137733,-87.665131408
2024-08-25 14:41:00 UTC,WEAPONS VIOLATION,true,false,9,2024,41.837432096,-87.647762285
2021-12-05 17:00:00 UTC,DECEPTIVE PRACTICE,false,false,10,2021,41.852264776,-87.721612191
2022-12-19 00:00:00 UTC,DECEPTIVE PRACTICE,false,true,10,2022,41.865239573,-87.695866917
2024-01-30 03:50:00 UTC,BATTERY,false,false,3,2024,41.763357176,-87.597000911
2022-08-15 16:10:00 UTC,OTHER OFFENSE,false,true,2,2022,41.821340178,-87.624776951
2020-01-10 22:53:00 UTC,BATTERY,true,false,12,2020,41.857612588,-87.656419116
2024-01-02 22:00:00 UTC,THEFT,false,false,18,2024,41.891243826,-87.620225683
2022-06-05 21:30:00 UTC,MOTOR VEHICLE THEFT,false,false,12,2022,41.894965648,-87.658474678
2023-11-21 18:00:00 UTC,MOTOR VEHICLE THEFT,false,true,5,2023,41.712080808,-87.604047075
2024-05-01 13:30:00 UTC,THEFT,false,false,3,2024,41.76587359,-87.576294705
2023-01-27 21:49:00 UTC,WEAPONS VIOLATION,true,false,14,2023,41.923535637,-87.698373606
2025-11-15 17:41:00 UTC,BATTERY,true,true,3,2025,41.764907135,-87.611615898
2023-08-29 14:29:00 UTC,OTHER OFFENSE,false,false,4,2023,41.745271029,-87.591692697
2023-08-19 20:25:00 UTC,BATTERY,false,false,24,2023,42.009808542,-87.662292059
2020-07-19 20:00:00 UTC,THEFT,false,false,19,2020,41.947857457,-87.664033932
2023-09-10 03:10:00 UTC,ROBBERY,false,true,5,2023,41.657299128,-87.615932737
2024-11-06 05:30:00 UTC,MOTOR VEHICLE THEFT,false,false,11,2024,41.875192342,-87.731347893
2025-07-14 00:00:00 UTC,THEFT,false,false,24,2025,42.002437896,-87.664212751
2024-01-03 22:00:00 UTC,BATTERY,false,true,3,2024,41.77113044,-87.571544262
2023-08-02 11:30:00 UTC,CRIMINAL DAMAGE,false,false,16,2023,41.939543812,-87.762337666
2024-12-22 14:00:00 UTC,THEFT,false,false,4,2024,41.753550633,-87.565793115
2021-06-20 22:34:00 UTC,WEAPONS VIOLATION,true,false,7,2021,41.761076508,-87.657247739
2025-08-08 01:00:00 UTC,CRIMINAL DAMAGE,false,false,1,2025,41.87178962,-87.633564301
2022-07-11 11:15:00 UTC,THEFT,false,false,1,2022,41.86821682,-87.6304532
2023-05-10 19:00:00 UTC,THEFT,false,false,12,2023,41.894572818,-87.652826192
2023-06-25 00:20:00 UTC,BATTERY,false,true,10,2023,41.845704079,-87.719711174
2024-01-01 04:43:00 UTC,CRIMINAL DAMAGE,false,false,7,2024,41.777783594,-87.654887206
2023-10-14 00:00:00 UTC,CRIMINAL DAMAGE,false,false,12,2023,41.877500741,-87.649566735
2020-09-20 16:15:00 UTC,BATTERY,false,false,6,2020,41.737733086,-87.601210469
2024-04-29 17:00:00 UTC,BATTERY,false,false,18,2024,41.908430535,-87.638509526
2021-03-12 08:57:00 UTC,DECEPTIVE PRACTICE,false,false,18,2021,41.894692183,-87.615636574
2025-10-21 15:10:00 UTC,THEFT,false,false,6,2025,41.736269116,-87.627768243
2021-04-28 00:00:00 UTC,THEFT,false,false,10,2021,41.852198325,-87.674377204
2023-10-21 05:00:00 UTC,MOTOR VEHICLE THEFT,false,false,8,2023,41.774070422,-87.731183591
2025-02-08 10:30:00 UTC,DECEPTIVE PRACTICE,false,false,2,2025,41.792732702,-87.590284055
2024-03-05 08:00:00 UTC,ASSAULT,false,false,12,2024,41.857868914,-87.661750111
2025-03-13 11:00:00 UTC,ASSAULT,false,false,22,2025,41.685786823,-87.657366584
2022-05-03 00:00:00 UTC,DECEPTIVE PRACTICE,false,false,9,2022,41.814551317,-87.7005297
2023-05-06 10:00:00 UTC,OTHER OFFENSE,false,false,3,2023,41.769804262,-87.576006549
2024-02-17 21:00:00 UTC,THEFT,false,false,3,2024,41.765296227,-87.612832159
2022-05-05 08:00:00 UTC,OTHER OFFENSE,false,true,9,2022,41.813073727,-87.68945509
2022-10-31 18:35:00 UTC,ASSAULT,false,false,17,2022,41.943259605,-87.730682304
2021-01-18 19:00:00 UTC,THEFT,false,false,25,2021,41.919184877,-87.759682609
2025-02-13 05:00:00 UTC,BURGLARY,false,false,2,2025,41.834650079,-87.616847182
2020-03-12 09:10:00 UTC,DECEPTIVE PRACTICE,false,false,4,2020,41.754743293,-87.579720286
2025-04-22 17:00:00 UTC,THEFT,false,false,12,2025,41.881299246,-87.647344977
2024-06-21 11:46:00 UTC,CRIMINAL TRESPASS,false,false,2,2024,41.805410329,-87.590563051
2024-10-27 04:00:00 UTC,CRIMINAL DAMAGE,false,false,9,2024,41.819013668,-87.70305379
2024-07-21 01:00:00 UTC,MOTOR VEHICLE THEFT,false,false,8,2024,41.786536318,-87.685518598
2020-05-31 22:00:00 UTC,BURGLARY,false,false,5,2020,41.685066591,-87.643308651
2023-01-20 15:50:00 UTC,BATTERY,true,false,9,2023,41.807986406,-87.643693104
2020-02-24 22:00:00 UTC,CRIMINAL SEXUAL ASSAULT,false,true,3,2020,41.783334618,-87.594708112
2022-05-30 16:15:00 UTC,ASSAULT,true,true,17,2022,41.940952796,-87.72723795
2020-05-03 12:55:00 UTC,ROBBERY,false,false,5,2020,41.691357929,-87.621035441
2025-07-13 18:00:00 UTC,ASSAULT,false,false,4,2025,41.732903297,-87.554088042
2021-05-26 17:30:00 UTC,MOTOR VEHICLE THEFT,false,false,14,2021,41.907523295,-87.679829684
2023-03-03 18:55:00 UTC,ROBBERY,false,false,16,2023,41.943595562,-87.798503883
2020-11-09 09:41:00 UTC,CRIMINAL SEXUAL ASSAULT,false,false,15,2020,41.881769712,-87.74876212
2023-04-01 01:00:00 UTC,THEFT,false,false,3,2023,41.771044503,-87.591117282
2024-09-08 09:30:00 UTC,DECEPTIVE PRACTICE,false,false,25,2024,41.908180391,-87.76462676
2024-12-27 19:00:00 UTC,ASSAULT,false,false,16,2024,41.984622486,-87.836582104
2025-07-10 17:00:00 UTC,BURGLARY,false,false,24,2025,42.004790901,-87.670575279
2022-05-12 02:00:00 UTC,CRIMINAL DAMAGE,false,false,3,2022,41.783490352,-87.602754437
2020-07-30 15:30:00 UTC,OTHER OFFENSE,true,false,22,2020,41.706617618,-87.635548776
2023-07-14 21:00:00 UTC,DECEPTIVE PRACTICE,false,false,1,2023,41.881951992,-87.633185359
2025-05-04 14:45:00 UTC,BATTERY,false,true,8,2025,41.778412025,-87.692155686
2023-01-24 10:30:00 UTC,THEFT,false,false,25,2023,41.903161441,-87.718867458
2021-02-09 09:00:00 UTC,THEFT,false,false,4,2021,41.734463985,-87.582822469
2021-02-24 20:25:00 UTC,OTHER OFFENSE,false,true,25,2021,41.928776625,-87.725670126
2023-07-21 00:30:00 UTC,BURGLARY,false,true,11,2023,41.877078298,-87.726259269
2023-10-31 01:00:00 UTC,BATTERY,false,true,8,2023,41.747817039,-87.712875387
2023-08-01 17:00:00 UTC,CRIMINAL DAMAGE,false,false,20,2023,41.974184283,-87.657756697
2021-04-17 16:00:00 UTC,THEFT,false,false,2,2021,41.814256305,-87.600574411
2021-01-11 12:30:00 UTC,THEFT,false,false,12,2021,41.872371326,-87.671511769
2020-01-25 00:00:00 UTC,DECEPTIVE PRACTICE,false,false,9,2020,41.83427706,-87.656701756
2024-02-06 18:00:00 UTC,THEFT,false,false,8,2024,41.753204151,-87.73040747
2022-07-15 12:00:00 UTC,BATTERY,false,true,17,2022,41.941486998,-87.716246477
2020-02-14 22:00:00 UTC,DECEPTIVE PRACTICE,false,true,16,2020,41.945449535,-87.761818139
2022-02-19 13:00:00 UTC,CRIMINAL DAMAGE,false,false,16,2022,41.978967887,-87.749385554
2025-12-30 17:45:00 UTC,BATTERY,false,true,10,2025,41.85253658,-87.728370695
2020-04-05 01:30:00 UTC,CRIMINAL DAMAGE,false,false,9,2020,41.845223919,-87.630649875
2020-03-01 08:03:00 UTC,HOMICIDE,true,true,6,2020,41.743604251,-87.627702601
2020-07-12 16:14:00 UTC,CRIMINAL DAMAGE,false,false,4,2020,41.725871508,-87.553150964
2023-12-05 13:05:00 UTC,STALKING,false,false,19,2023,41.961799968,-87.653155524
2024-05-21 00:00:00 UTC,DECEPTIVE PRACTICE,false,false,18,2024,41.896103629,-87.628186116
2023-02-02 12:00:00 UTC,THEFT,false,false,17,2023,41.98009778,-87.713652412
2020-01-25 21:00:00 UTC,BATTERY,false,true,2,2020,41.808344619,-87.606539903
2025-09-16 02:20:00 UTC,WEAPONS VIOLATION,false,false,14,2025,41.907522078,-87.714277645
2020-04-14 19:27:00 UTC,OTHER OFFENSE,true,true,3,2020,41.777484213,-87.615555409
2020-05-31 01:00:00 UTC,CRIMINAL DAMAGE,false,false,19,2020,41.931644359,-87.657430348
2023-02-21 11:30:00 UTC,CRIMINAL DAMAGE,false,false,14,2023,41.923535637,-87.698373606
2024-04-29 18:10:00 UTC,DECEPTIVE PRACTICE,true,false,1,2024,41.876909396,-87.628466926
2023-09-10 15:00:00 UTC,MOTOR VEHICLE THEFT,false,false,22,2023,41.707848755,-87.651371112
2023-11-27 16:00:00 UTC,BATTERY,false,true,4,2023,41.707223801,-87.562081574
2021-09-16 02:34:00 UTC,ASSAULT,false,false,3,2021,41.763305308,-87.559870854
2020-05-09 12:00:00 UTC,THEFT,false,false,19,2020,41.94828799,-87.644495161
2025-11-25 16:30:00 UTC,DECEPTIVE PRACTICE,false,false,19,2025,41.966322489,-87.68397248
2023-08-20 15:44:00 UTC,BATTERY,false,false,14,2023,41.922377641,-87.702867998
2024-02-22 22:00:00 UTC,THEFT,false,false,19,2024,41.926589735,-87.656072599
2021-05-24 07:00:00 UTC,BURGLARY,false,false,8,2021,41.738877365,-87.700034725
2023-08-03 15:56:00 UTC,OTHER OFFENSE,false,true,6,2023,41.738939872,-87.647345256
2022-11-15 15:00:00 UTC,MOTOR VEHICLE THEFT,false,false,20,2022,41.974823971,-87.694231016
2023-01-28 21:15:00 UTC,CRIMINAL TRESPASS,false,false,1,2023,41.851949553,-87.618995915
2022-12-08 21:00:00 UTC,BURGLARY,false,false,8,2022,41.787217924,-87.709503525
2023-09-11 17:30:00 UTC,THEFT,false,false,25,2023,41.930228709,-87.749007103
2023-11-15 12:18:00 UTC,MOTOR VEHICLE THEFT,true,false,25,2023,41.909394597,-87.764325755
2023-10-02 16:45:00 UTC,THEFT,false,false,7,2023,41.768382919,-87.644495002
2021-02-19 12:30:00 UTC,ROBBERY,false,false,5,2021,41.714135309,-87.623611556
2023-11-05 03:09:00 UTC,CRIMINAL DAMAGE,false,false,3,2023,41.7671089,-87.575103515
2020-09-26 11:00:00 UTC,MOTOR VEHICLE THEFT,false,false,9,2020,41.795171524,-87.660974834
2024-04-07 08:00:00 UTC,BATTERY,true,true,2,2024,41.820982288,-87.601400234
2021-04-18 22:30:00 UTC,CRIMINAL DAMAGE,false,false,5,2021,41.710318216,-87.612629701
2022-08-15 08:20:00 UTC,THEFT,false,false,14,2022,41.92190187,-87.6957258
2023-10-01 14:11:00 UTC,NARCOTICS,true,false,5,2023,41.692540758,-87.626818384
2022-10-03 14:45:00 UTC,THEFT,false,false,1,2022,41.862895832,-87.622446068
2024-01-20 23:12:00 UTC,BATTERY,false,false,3,2024,41.777880123,-87.614355797
2022-06-17 18:16:00 UTC,BATTERY,false,false,18,2022,41.911669895,-87.631931184
2024-07-22 11:45:00 UTC,BATTERY,true,true,3,2024,41.7799566,-87.605921959
2020-12-14 00:01:00 UTC,DECEPTIVE PRACTICE,false,false,9,2020,41.825394117,-87.637452535
2023-05-29 18:00:00 UTC,BATTERY,false,true,2,2023,41.806958383,-87.616524938
2024-06-01 01:56:00 UTC,CRIMINAL DAMAGE,false,false,22,2024,41.700321227,-87.660242735
2024-10-01 12:00:00 UTC,DECEPTIVE PRACTICE,false,false,5,2024,41.699967403,-87.616703714
2022-04-29 07:30:00 UTC,THEFT,false,false,9,2022,41.844911779,-87.650328563
2020-06-22 23:00:00 UTC,CRIMINAL DAMAGE,false,false,4,2020,41.751565425,-87.579306695
2021-07-14 17:30:00 UTC,THEFT,false,false,12,2021,41.887368575,-87.649028162
2024-07-07 00:26:00 UTC,OTHER OFFENSE,false,true,6,2024,41.748978737,-87.600269164
2024-06-20 12:00:00 UTC,OTHER OFFENSE,false,false,4,2024,41.698344385,-87.540085534
2023-10-07 23:00:00 UTC,THEFT,false,false,19,2023,41.943108594,-87.649366085
2024-06-10 19:26:00 UTC,BATTERY,false,true,8,2024,41.788850489,-87.711475147
2020-09-25 06:30:00 UTC,CRIMINAL TRESPASS,false,false,12,2020,41.859831225,-87.637802463
2021-07-05 16:00:00 UTC,THEFT,false,false,5,2021,41.654386583,-87.603600504
2020-05-29 15:47:00 UTC,OTHER OFFENSE,false,false,20,2020,41.973330971,-87.653595498
2020-10-17 21:55:00 UTC,BATTERY,false,false,15,2020,41.890035589,-87.765206417
2022-03-20 13:00:00 UTC,OTHER OFFENSE,false,false,25,2022,41.92968064,-87.749699319
2021-03-04 18:30:00 UTC,OTHER OFFENSE,false,false,10,2021,41.862983609,-87.703793233
2023-08-10 10:30:00 UTC,MOTOR VEHICLE THEFT,false,false,12,2023,41.893990113,-87.702155577
2022-05-27 08:49:00 UTC,DECEPTIVE PRACTICE,false,false,25,2022,41.909943506,-87.72112059
2024-11-14 15:00:00 UTC,DECEPTIVE PRACTICE,false,false,15,2024,41.889313044,-87.754602605
2025-04-15 15:39:00 UTC,ASSAULT,false,false,14,2025,41.912443933,-87.668397612
2025-04-06 15:53:00 UTC,THEFT,true,false,1,2025,41.881446731,-87.627752399
2022-09-24 04:25:00 UTC,WEAPONS VIOLATION,false,false,6,2022,41.747721399,-87.656090635
2020-06-20 04:00:00 UTC,BATTERY,false,false,11,2020,41.890758197,-87.72105775
2025-10-14 22:30:00 UTC,BATTERY,true,true,3,2025,41.759823949,-87.611496928
2025-03-29 00:30:00 UTC,MOTOR VEHICLE THEFT,false,false,7,2025,41.777534928,-87.640807833
2022-11-05 23:42:00 UTC,MOTOR VEHICLE THEFT,false,false,20,2022,41.969979498,-87.657643008
2025-07-30 17:00:00 UTC,THEFT,false,false,1,2025,41.873907817,-87.632604904
2020-10-02 23:00:00 UTC,OTHER OFFENSE,false,false,12,2020,41.883950215,-87.682232951
2023-03-23 19:18:00 UTC,BATTERY,false,false,14,2023,41.903237649,-87.674216326
2023-07-23 20:00:00 UTC,THEFT,false,false,1,2023,41.886370204,-87.620691199
2025-06-27 03:00:00 UTC,BURGLARY,false,false,22,2025,41.684023827,-87.680913765
2020-09-19 13:50:00 UTC,BATTERY,true,false,14,2020,41.92938643,-87.707892425
2025-02-19 07:30:00 UTC,THEFT,false,false,8,2025,41.799808989,-87.723350952
2021-03-08 19:16:00 UTC,MOTOR VEHICLE THEFT,false,false,14,2021,41.913528601,-87.679992541
2024-07-02 21:05:00 UTC,BATTERY,true,true,20,2024,41.986392486,-87.656700734
2025-04-18 04:19:00 UTC,CRIMINAL DAMAGE,false,false,16,2025,41.980349758,-87.836582213
2020-02-05 22:30:00 UTC,THEFT,true,false,25,2020,41.909636288,-87.745300725
2023-01-12 07:27:00 UTC,OTHER OFFENSE,false,false,1,2023,41.885702079,-87.642031644
2023-01-04 02:38:00 UTC,BURGLARY,true,false,7,2023,41.775129883,-87.668978317
2024-08-05 15:30:00 UTC,MOTOR VEHICLE THEFT,false,false,1,2024,41.849069873,-87.623711271
2024-01-22 23:00:00 UTC,BATTERY,false,true,4,2024,41.754507854,-87.576050797
2023-01-04 07:27:00 UTC,CRIMINAL TRESPASS,true,false,25,2023,41.909770708,-87.735196552
2021-05-07 22:00:00 UTC,CRIMINAL DAMAGE,false,false,11,2021,41.870836468,-87.736462868
2023-05-03 11:00:00 UTC,ASSAULT,false,true,8,2023,41.743122311,-87.720179522
2025-05-06 05:34:00 UTC,CRIMINAL DAMAGE,false,false,19,2025,41.956188581,-87.680181998
2022-08-27 18:00:00 UTC,BATTERY,true,true,5,2022,41.677198392,-87.631045738
2020-11-24 07:30:00 UTC,CRIMINAL DAMAGE,false,true,15,2020,41.883077149,-87.749532396
2021-01-17 08:00:00 UTC,OTHER OFFENSE,false,true,8,2021,41.775775378,-87.739764737
2021-01-26 19:04:00 UTC,MOTOR VEHICLE THEFT,false,false,15,2021,41.89843839,-87.769646244
2024-02-12 10:00:00 UTC,DECEPTIVE PRACTICE,false,false,4,2024,41.651431329,-87.527258234
2025-12-03 19:45:00 UTC,THEFT,false,false,5,2025,41.697521825,-87.595822678
2025-06-13 16:05:00 UTC,THEFT,true,false,9,2025,41.828983577,-87.641534133
2025-03-10 18:00:00 UTC,DECEPTIVE PRACTICE,false,false,25,2025,41.919002999,-87.786525206
2025-03-06 17:48:00 UTC,WEAPONS VIOLATION,true,false,4,2025,41.702119317,-87.529243761
2021-05-15 15:05:00 UTC,THEFT,false,false,19,2021,41.934783012,-87.639366558
2021-03-06 23:04:00 UTC,ROBBERY,false,false,17,2021,41.953285676,-87.718533298
2020-09-15 06:45:00 UTC,BATTERY,false,true,15,2020,41.884703096,-87.755224443
2021-10-02 22:45:00 UTC,CRIMINAL DAMAGE,false,false,4,2021,41.75113362,-87.558946894
2024-09-02 01:40:00 UTC,BATTERY,false,false,12,2024,41.884249554,-87.650148454
2025-01-31 13:30:00 UTC,CRIMINAL DAMAGE,false,false,10,2025,41.847168173,-87.683057485
2020-05-16 18:14:00 UTC,WEAPONS VIOLATION,true,false,1,2020,41.869712286,-87.642640861
2023-10-17 22:00:00 UTC,MOTOR VEHICLE THEFT,false,false,4,2023,41.76015578,-87.556752911
2022-09-27 16:00:00 UTC,DECEPTIVE PRACTICE,false,false,18,2022,41.893560332,-87.634120048
2025-12-05 19:48:00 UTC,THEFT,false,false,18,2025,41.893469034,-87.632648229
2022-04-20 17:45:00 UTC,ASSAULT,false,false,19,2022,41.947142256,-87.659520013
2021-01-29 07:00:00 UTC,THEFT,false,true,10,2021,41.854884404,-87.704129611
2021-01-07 17:00:00 UTC,DECEPTIVE PRACTICE,false,false,2,2021,41.7943228,-87.624781229
2020-06-13 21:30:00 UTC,ASSAULT,true,true,25,2020,41.910279613,-87.746066324
2025-11-06 12:05:00 UTC,DECEPTIVE PRACTICE,false,false,5,2025,41.707357722,-87.6109818
2023-10-20 18:00:00 UTC,THEFT,false,false,1,2023,41.888165132,-87.622937212
2024-06-17 03:00:00 UTC,THEFT,false,false,18,2024,41.910361303,-87.6288595
2024-01-26 17:18:00 UTC,OTHER OFFENSE,false,false,11,2024,41.870926413,-87.708991346
2021-01-24 13:15:00 UTC,CRIMINAL DAMAGE,false,false,4,2021,41.734198335,-87.590508466
2020-09-26 17:45:00 UTC,OTHER OFFENSE,false,true,10,2020,41.861995599,-87.712855753
2024-11-15 17:45:00 UTC,THEFT,true,false,8,2024,41.76460796,-87.68867896
2020-12-11 16:00:00 UTC,BATTERY,false,false,15,2020,41.879275956,-87.763105845
2023-04-15 11:00:00 UTC,THEFT,false,false,16,2023,41.976290414,-87.905227221
2022-09-10 04:05:00 UTC,ASSAULT,false,false,3,2022,41.76322925,-87.601892034
